0,1,2,target
-1.2746879660490462,1.2578415462710002,-1.003685074954632,9.601768885
-0.6467904354719134,-1.1727128115972059,-0.8685417637068016,12.43970747
-0.6467904354719134,-0.13104665822511768,-0.733398452458971,12.08029983
-1.2746879660490462,-0.13104665822511768,-0.9361134193307168,10.71429069
-1.5886367313376129,-0.13104665822511768,1.428894527506317,1.038806972
0.9229533909709189,1.2578415462710002,1.2937512162584863,3.476632166
0.6090046256823524,-0.13104665822511768,-0.05768189621981866,15.15517387
0.9229533909709189,1.2578415462710002,-0.3279685187154795,15.17111537
0.9229533909709189,-0.13104665822511768,-1.6794016311937845,5.722071
-0.9607392007604798,1.2578415462710002,-1.6794016311937845,4.331049
-1.2746879660490462,1.2578415462710002,0.9558929381389101,5.96014626
-0.9607392007604798,1.2578415462710002,-1.4766866643220387,6.60795002
-0.01889290489478049,-1.1727128115972059,1.3613228718824015,2.398103708
-1.5886367313376129,-1.1727128115972059,-0.8685417637068016,10.8739341
0.6090046256823524,-1.1727128115972059,-1.273971697450293,11.14951565
1.5508509215480517,-0.13104665822511768,1.1586079050106557,6.015827036
0.6090046256823524,1.2578415462710002,-1.4091150086981235,8.842069944
1.5508509215480517,-0.13104665822511768,1.428894527506317,1.613233924
0.29505586039378595,-1.1727128115972059,-0.8009701080828863,14.37732117
-0.6467904354719134,-1.1727128115972059,-1.1388283862024624,10.70658705
0.29505586039378595,1.2578415462710002,0.4153196931475881,12.12095454
-0.9607392007604798,-0.13104665822511768,-0.05768189621981866,12.35877957
0.29505586039378595,1.2578415462710002,0.07746141502801195,13.71632242
-1.2746879660490462,-1.1727128115972059,-0.733398452458971,11.93263154
-0.01889290489478049,1.2578415462710002,-1.544258319945954,6.759203172
-1.2746879660490462,-0.13104665822511768,0.4153196931475881,10.21995234
-0.6467904354719134,1.2578415462710002,0.4153196931475881,10.7418263
0.9229533909709189,-0.13104665822511768,0.07746141502801195,15.36561663
-0.9607392007604798,-0.13104665822511768,-1.3415433530742082,8.24893055
-0.9607392007604798,-1.1727128115972059,-1.4091150086981235,7.889219296
0.9229533909709189,1.2578415462710002,-1.3415433530742082,9.953829074
0.9229533909709189,-1.1727128115972059,0.3477480375236728,14.52956579
0.6090046256823524,-1.1727128115972059,-0.9361134193307168,14.11180818
1.2369021562594853,1.2578415462710002,-1.4766866643220387,8.625042081
-0.9607392007604798,-0.13104665822511768,1.3613228718824015,1.993159658
0.9229533909709189,-0.13104665822511768,-0.8685417637068016,14.59211159
0.29505586039378595,1.2578415462710002,1.6991811500019778,-2.38853386
0.29505586039378595,-0.13104665822511768,-0.2603968630915644,14.73314445
-0.6467904354719134,-0.13104665822511768,-0.12525355184373377,13.00285185
1.2369021562594853,-0.13104665822511768,0.3477480375236728,14.53749909
0.6090046256823524,-0.13104665822511768,0.4153196931475881,13.14052217
0.9229533909709189,-1.1727128115972059,-1.273971697450293,11.54675655
1.5508509215480517,-1.1727128115972059,0.8883212825149949,10.1390249
-0.3328416701833469,-0.13104665822511768,-1.2064000418263776,10.23154628
1.2369021562594853,-0.13104665822511768,-0.12525355184373377,16.35300519
-0.9607392007604798,-0.13104665822511768,-0.8685417637068016,11.53973858
-0.9607392007604798,-1.1727128115972059,1.5640378387541471,-0.449320231
0.29505586039378595,1.2578415462710002,-1.3415433530742082,9.27193048
-0.01889290489478049,1.2578415462710002,-0.8685417637068016,11.5780288
1.5508509215480517,1.2578415462710002,-0.733398452458971,14.87186277
0.6090046256823524,-0.13104665822511768,0.8883212825149949,8.846926069
-0.01889290489478049,-0.13104665822511768,-0.733398452458971,13.12824185
0.6090046256823524,1.2578415462710002,1.0234645937628255,6.88719275
-1.2746879660490462,-0.13104665822511768,-0.19282520746764908,11.91241827
0.9229533909709189,-1.1727128115972059,0.14503307065192725,15.59688227
1.5508509215480517,1.2578415462710002,-0.4631118299633101,16.05078361
-0.3328416701833469,1.2578415462710002,-0.3955401743393948,12.93221552
0.6090046256823524,1.2578415462710002,-0.3279685187154795,14.6378006
-1.2746879660490462,-1.1727128115972059,0.48289134877150336,10.16404333
-0.3328416701833469,-0.13104665822511768,1.3613228718824015,2.208483911
1.2369021562594853,1.2578415462710002,-0.2603968630915644,15.75263536
1.5508509215480517,-1.1727128115972059,1.0234645937628255,8.294771314
-0.9607392007604798,-0.13104665822511768,0.3477480375236728,11.05455389
0.6090046256823524,-1.1727128115972059,1.226179560634571,4.675294065
0.9229533909709189,1.2578415462710002,-0.12525355184373377,15.18580283
-1.2746879660490462,-1.1727128115972059,-1.4091150086981235,7.545473307
0.29505586039378595,-1.1727128115972059,1.2937512162584863,3.579069418
0.9229533909709189,-1.1727128115972059,0.9558929381389101,8.662950897
1.2369021562594853,-0.13104665822511768,1.3613228718824015,2.676202321
-1.5886367313376129,-1.1727128115972059,-1.2064000418263776,8.886818147
-0.6467904354719134,1.2578415462710002,0.7531779712671642,8.381496119
0.9229533909709189,-0.13104665822511768,-1.0712567305785472,13.13106418
0.6090046256823524,1.2578415462710002,0.7531779712671642,9.821873188
-0.01889290489478049,-0.13104665822511768,1.0234645937628255,6.62694242
0.9229533909709189,-0.13104665822511768,-1.4766866643220387,8.682248378
-0.9607392007604798,-1.1727128115972059,-1.273971697450293,9.165069294
-0.6467904354719134,-1.1727128115972059,-0.05768189621981866,13.31458182
-0.9607392007604798,1.2578415462710002,1.5640378387541471,-0.449789615
-0.01889290489478049,-0.13104665822511768,0.07746141502801195,13.7202883
0.9229533909709189,-0.13104665822511768,0.009889759404096645,15.5632448
1.2369021562594853,-0.13104665822511768,1.4964661831302317,0.681840003
1.5508509215480517,-1.1727128115972059,0.21260472627584254,16.34384189
0.29505586039378595,-0.13104665822511768,-1.0712567305785472,12.22239957
-1.2746879660490462,-0.13104665822511768,0.8207496268910796,7.440415275
-0.6467904354719134,-0.13104665822511768,1.428894527506317,1.203484634
0.9229533909709189,-1.1727128115972059,-0.6658267968350559,16.05575218
-0.6467904354719134,-0.13104665822511768,0.21260472627584254,12.18510127
0.9229533909709189,-0.13104665822511768,-0.4631118299633101,15.51198807
1.2369021562594853,1.2578415462710002,-0.8685417637068016,13.36324515
-0.6467904354719134,-1.1727128115972059,1.3613228718824015,2.183694619
-1.2746879660490462,-1.1727128115972059,0.28017638189975747,11.20737741
0.6090046256823524,-1.1727128115972059,1.1586079050106557,5.675183272
1.2369021562594853,1.2578415462710002,-0.6658267968350559,14.63040161
-1.2746879660490462,1.2578415462710002,1.226179560634571,3.305013424
1.5508509215480517,-1.1727128115972059,-0.2603968630915644,17.4919333
-0.01889290489478049,-1.1727128115972059,-1.4091150086981235,8.950262999
1.2369021562594853,1.2578415462710002,0.28017638189975747,14.30296851
-1.5886367313376129,-1.1727128115972059,0.3477480375236728,10.37776539
1.5508509215480517,1.2578415462710002,1.2937512162584863,3.520887857
-0.01889290489478049,-0.13104665822511768,0.8207496268910796,8.818322992
0.9229533909709189,-1.1727128115972059,-0.5306834855872252,16.14812059
-0.01889290489478049,-1.1727128115972059,1.6316094943780624,-1.268588138
-0.9607392007604798,-1.1727128115972059,-0.12525355184373377,12.81329876
-1.5886367313376129,-0.13104665822511768,-1.0712567305785472,9.488093829
1.2369021562594853,1.2578415462710002,1.4964661831302317,0.517238553
0.29505586039378595,-1.1727128115972059,-0.2603968630915644,15.19704916
1.2369021562594853,1.2578415462710002,0.8207496268910796,9.740945697
-0.6467904354719134,-1.1727128115972059,0.6180346600193339,10.15931396
1.2369021562594853,1.2578415462710002,0.6856063156432489,11.14753036
-0.01889290489478049,-0.13104665822511768,0.5504630043954187,11.19467072
-0.01889290489478049,1.2578415462710002,1.226179560634571,3.86510067
0.6090046256823524,-0.13104665822511768,0.48289134877150336,12.66334591
-0.9607392007604798,1.2578415462710002,-1.4091150086981235,7.277924061
0.9229533909709189,1.2578415462710002,-0.2603968630915644,15.22633815
0.6090046256823524,1.2578415462710002,1.226179560634571,4.293385088
-0.6467904354719134,-1.1727128115972059,0.8883212825149949,7.766872251
-0.3328416701833469,-0.13104665822511768,0.14503307065192725,12.97470052
-0.9607392007604798,-0.13104665822511768,1.226179560634571,3.630860257
0.9229533909709189,-1.1727128115972059,-0.8685417637068016,15.06318588
-0.6467904354719134,-0.13104665822511768,0.3477480375236728,11.56437573
0.9229533909709189,-0.13104665822511768,-1.003685074954632,13.6767316
-0.6467904354719134,1.2578415462710002,0.14503307065192725,11.94864929
-0.3328416701833469,1.2578415462710002,1.5640378387541471,-0.294970928
1.5508509215480517,-0.13104665822511768,0.8207496268910796,10.55678298
0.6090046256823524,-1.1727128115972059,0.14503307065192725,15.04114294
-0.3328416701833469,-1.1727128115972059,-1.611829975569869,6.123451126
-0.6467904354719134,-1.1727128115972059,1.1586079050106557,4.777578664
0.6090046256823524,-0.13104665822511768,-1.1388283862024624,12.09189329
1.5508509215480517,-1.1727128115972059,0.5504630043954187,13.88801744
-0.3328416701833469,1.2578415462710002,-1.0712567305785472,10.85067036
1.2369021562594853,-0.13104665822511768,-1.611829975569869,7.005113745
1.5508509215480517,1.2578415462710002,-0.5306834855872252,15.83280072
1.2369021562594853,1.2578415462710002,1.0234645937628255,7.324095964
-0.01889290489478049,-1.1727128115972059,-0.12525355184373377,14.57513384
-0.01889290489478049,-1.1727128115972059,0.14503307065192725,13.93881621
0.29505586039378595,1.2578415462710002,0.3477480375236728,12.52841494
-0.9607392007604798,1.2578415462710002,-0.2603968630915644,11.98869312
-1.2746879660490462,-1.1727128115972059,1.6991811500019778,-2.423048303
-0.01889290489478049,-0.13104665822511768,1.226179560634571,4.104146576
0.29505586039378595,-0.13104665822511768,0.8883212825149949,8.520393038
-0.6467904354719134,1.2578415462710002,-0.8685417637068016,10.60742893
-0.9607392007604798,1.2578415462710002,-0.5982551412111405,11.35711137
0.6090046256823524,-0.13104665822511768,1.5640378387541471,0.014275306
-0.6467904354719134,-1.1727128115972059,1.6991811500019778,-2.457372054
1.5508509215480517,-0.13104665822511768,-1.544258319945954,8.352587819
-0.01889290489478049,-1.1727128115972059,1.226179560634571,4.312301242
0.29505586039378595,-0.13104665822511768,0.3477480375236728,13.08293481
0.9229533909709189,1.2578415462710002,-0.19282520746764908,15.23282204
-1.2746879660490462,1.2578415462710002,-0.05768189621981866,11.34599991
-0.6467904354719134,1.2578415462710002,0.8883212825149949,7.192750216
0.9229533909709189,-1.1727128115972059,-0.8009701080828863,15.44799304
0.29505586039378595,1.2578415462710002,-1.4091150086981235,8.527113059
-1.5886367313376129,-1.1727128115972059,0.6856063156432489,8.370025635
1.2369021562594853,1.2578415462710002,-1.544258319945954,7.684342921
1.2369021562594853,-0.13104665822511768,-0.9361134193307168,14.66014905
1.5508509215480517,-1.1727128115972059,-0.9361134193307168,15.66011474
-0.9607392007604798,-1.1727128115972059,-1.1388283862024624,10.26350522
1.5508509215480517,-0.13104665822511768,1.0910362493867403,6.992929434
0.29505586039378595,-1.1727128115972059,-1.003685074954632,13.13443585
-1.2746879660490462,-0.13104665822511768,-1.003685074954632,10.35286275
-1.2746879660490462,-0.13104665822511768,0.48289134877150336,9.844603229
1.5508509215480517,-0.13104665822511768,0.5504630043954187,13.38719578
-0.9607392007604798,-1.1727128115972059,-1.611829975569869,5.651995611
-1.5886367313376129,-1.1727128115972059,-1.4766866643220387,6.567066395
0.6090046256823524,-1.1727128115972059,0.9558929381389101,8.338553166
0.9229533909709189,1.2578415462710002,0.9558929381389101,7.947262526
1.5508509215480517,-0.13104665822511768,-1.4766866643220387,9.352171922
0.6090046256823524,1.2578415462710002,0.9558929381389101,7.677706718
1.2369021562594853,-0.13104665822511768,-0.4631118299633101,16.06032805
-0.6467904354719134,-1.1727128115972059,-0.5306834855872252,13.29978423
-0.01889290489478049,-0.13104665822511768,1.4964661831302317,0.450574162
-1.2746879660490462,-1.1727128115972059,-0.5306834855872252,12.1617615
-1.5886367313376129,-0.13104665822511768,-0.9361134193307168,10.22086747
1.2369021562594853,-1.1727128115972059,-0.2603968630915644,16.91087084
0.6090046256823524,-1.1727128115972059,0.5504630043954187,12.5361192
0.6090046256823524,-0.13104665822511768,-0.3955401743393948,15.1168077
-0.3328416701833469,-0.13104665822511768,-1.1388283862024624,10.79384577
-1.2746879660490462,1.2578415462710002,-0.2603968630915644,11.44538684
-0.6467904354719134,-0.13104665822511768,-1.273971697450293,9.232877755
0.9229533909709189,-1.1727128115972059,0.8883212825149949,9.50243361
-1.5886367313376129,1.2578415462710002,-0.4631118299633101,10.67264454
-0.9607392007604798,-0.13104665822511768,-0.6658267968350559,11.5987756
0.9229533909709189,-1.1727128115972059,0.21260472627584254,15.2915529
-1.2746879660490462,-0.13104665822511768,0.3477480375236728,10.559834
0.9229533909709189,-0.13104665822511768,-1.1388283862024624,12.53009291
-0.9607392007604798,-0.13104665822511768,-0.3279685187154795,12.41911302
0.9229533909709189,1.2578415462710002,1.4964661831302317,0.487186161
0.29505586039378595,1.2578415462710002,1.3613228718824015,2.292462856
-1.5886367313376129,1.2578415462710002,0.4153196931475881,9.350875187
-0.3328416701833469,-1.1727128115972059,-0.5982551412111405,13.98347449
0.29505586039378595,1.2578415462710002,0.009889759404096645,13.89778037
-1.2746879660490462,-1.1727128115972059,-1.003685074954632,10.69230591
1.5508509215480517,-1.1727128115972059,0.4153196931475881,15.02878594
-0.9607392007604798,1.2578415462710002,-0.3279685187154795,11.94269977
0.29505586039378595,-1.1727128115972059,-1.4091150086981235,9.235492829
0.6090046256823524,-0.13104665822511768,0.6856063156432489,10.950546
0.9229533909709189,1.2578415462710002,0.4153196931475881,13.02801628
-0.9607392007604798,1.2578415462710002,0.6856063156432489,8.530007411
-1.5886367313376129,-0.13104665822511768,1.3613228718824015,1.825812334
-0.9607392007604798,-1.1727128115972059,-1.4766866643220387,7.189699388
-1.5886367313376129,-1.1727128115972059,0.48289134877150336,9.680611777
-1.5886367313376129,1.2578415462710002,1.5640378387541471,-0.528489736
-0.6467904354719134,1.2578415462710002,-1.0712567305785472,10.40484302
-1.2746879660490462,1.2578415462710002,-1.544258319945954,5.659012651
0.29505586039378595,-1.1727128115972059,0.8883212825149949,8.864164662
0.6090046256823524,-0.13104665822511768,-1.273971697450293,10.76760676
0.6090046256823524,-0.13104665822511768,0.8207496268910796,9.590988898
0.9229533909709189,-0.13104665822511768,1.4964661831302317,0.623413338
-0.6467904354719134,1.2578415462710002,1.0910362493867403,5.15904374
-1.2746879660490462,1.2578415462710002,0.07746141502801195,11.09230976
-0.01889290489478049,1.2578415462710002,-0.5306834855872252,13.15371799
0.9229533909709189,1.2578415462710002,1.5640378387541471,0.074904152
-0.3328416701833469,1.2578415462710002,-0.19282520746764908,13.08140919
-0.6467904354719134,-1.1727128115972059,-0.4631118299633101,13.20123739
-0.9607392007604798,1.2578415462710002,1.0234645937628255,5.603789485
0.9229533909709189,-1.1727128115972059,-1.1388283862024624,12.94609723
1.5508509215480517,-0.13104665822511768,-0.733398452458971,15.71518431
1.2369021562594853,1.2578415462710002,-1.003685074954632,13.20531278
0.6090046256823524,1.2578415462710002,1.3613228718824015,2.384984303
-0.3328416701833469,-0.13104665822511768,-0.5982551412111405,12.89974359
-0.01889290489478049,1.2578415462710002,-0.2603968630915644,13.60785873
-1.2746879660490462,-1.1727128115972059,0.9558929381389101,6.46653595
0.9229533909709189,1.2578415462710002,-0.6658267968350559,14.12309701
-0.9607392007604798,1.2578415462710002,-1.273971697450293,8.48667922
-0.9607392007604798,-0.13104665822511768,0.14503307065192725,11.88915467
1.5508509215480517,-1.1727128115972059,-1.003685074954632,15.13033745
-0.3328416701833469,-1.1727128115972059,-0.9361134193307168,12.58287592
-0.9607392007604798,1.2578415462710002,-1.544258319945954,5.892642725
-0.9607392007604798,-0.13104665822511768,-0.19282520746764908,12.47181952
-0.9607392007604798,-1.1727128115972059,-0.8009701080828863,12.22102675
-0.6467904354719134,-0.13104665822511768,-1.3415433530742082,8.598270011
-0.3328416701833469,-1.1727128115972059,1.226179560634571,4.141597819
-1.2746879660490462,1.2578415462710002,0.21260472627584254,10.68484819
0.9229533909709189,-1.1727128115972059,0.6180346600193339,12.3998157
1.5508509215480517,1.2578415462710002,0.28017638189975747,14.73544654
-0.01889290489478049,-1.1727128115972059,1.0910362493867403,6.086938785
1.5508509215480517,1.2578415462710002,-0.8685417637068016,13.96220025
-1.2746879660490462,-0.13104665822511768,1.0910362493867403,4.921769753
0.6090046256823524,1.2578415462710002,-0.733398452458971,13.26950321
-0.6467904354719134,1.2578415462710002,-1.544258319945954,6.139011025
1.5508509215480517,1.2578415462710002,0.4153196931475881,13.81752038
0.6090046256823524,-1.1727128115972059,-0.19282520746764908,15.76392457
-0.9607392007604798,-1.1727128115972059,-0.3279685187154795,12.80582752
1.5508509215480517,1.2578415462710002,-1.3415433530742082,10.85827301
-1.5886367313376129,-0.13104665822511768,-0.05768189621981866,11.25279241
-0.01889290489478049,-0.13104665822511768,0.9558929381389101,7.395489383
0.6090046256823524,-1.1727128115972059,1.4964661831302317,0.760632068
-0.9607392007604798,1.2578415462710002,1.6316094943780624,-1.437842318
0.9229533909709189,-0.13104665822511768,0.7531779712671642,10.66288171
-1.2746879660490462,-1.1727128115972059,-1.3415433530742082,8.174943423
-1.5886367313376129,-0.13104665822511768,0.8883212825149949,6.539912677
1.2369021562594853,-1.1727128115972059,-0.3955401743393948,16.74054909
0.9229533909709189,-1.1727128115972059,0.07746141502801195,15.85049703
1.5508509215480517,1.2578415462710002,-0.9361134193307168,13.66625059
1.2369021562594853,1.2578415462710002,0.14503307065192725,14.97470706
1.5508509215480517,-1.1727128115972059,0.6856063156432489,12.53761336
1.5508509215480517,-1.1727128115972059,1.5640378387541471,0.428350757
0.6090046256823524,-0.13104665822511768,1.0910362493867403,6.366692054
1.5508509215480517,-0.13104665822511768,-0.3279685187154795,16.89706526
-0.3328416701833469,1.2578415462710002,-1.273971697450293,9.234327126
-1.5886367313376129,1.2578415462710002,-1.003685074954632,9.14724822
0.9229533909709189,1.2578415462710002,-1.4766866643220387,8.298585129
-1.2746879660490462,-0.13104665822511768,0.14503307065192725,11.35812833
-1.2746879660490462,-0.13104665822511768,0.7531779712671642,7.988146293
0.6090046256823524,-0.13104665822511768,1.6316094943780624,-1.132742271
-0.3328416701833469,1.2578415462710002,-1.1388283862024624,10.36228168
-1.5886367313376129,-0.13104665822511768,0.14503307065192725,10.82275372
-0.9607392007604798,1.2578415462710002,-0.5306834855872252,11.5632314
-0.01889290489478049,-1.1727128115972059,0.07746141502801195,14.16962442
1.2369021562594853,-1.1727128115972059,-1.1388283862024624,13.40084872
0.6090046256823524,-1.1727128115972059,1.3613228718824015,2.614572096
1.5508509215480517,-1.1727128115972059,-1.273971697450293,12.39218833
-0.01889290489478049,-0.13104665822511768,0.8883212825149949,8.125898743
0.9229533909709189,-0.13104665822511768,-0.5306834855872252,15.29750266
-0.01889290489478049,1.2578415462710002,-1.0712567305785472,11.34630504
-1.2746879660490462,1.2578415462710002,-1.3415433530742082,7.573972976
-0.3328416701833469,-1.1727128115972059,1.6316094943780624,-1.350049719
-0.6467904354719134,-1.1727128115972059,-1.273971697450293,9.557656646
0.6090046256823524,-0.13104665822511768,0.14503307065192725,14.58539948
-0.6467904354719134,-0.13104665822511768,0.7531779712671642,8.755395961
-1.2746879660490462,1.2578415462710002,1.1586079050106557,4.020702052
1.2369021562594853,1.2578415462710002,-1.1388283862024624,12.46007268
-0.3328416701833469,1.2578415462710002,-0.5982551412111405,12.39179137
-0.9607392007604798,-0.13104665822511768,-1.544258319945954,6.168072033
-1.5886367313376129,-1.1727128115972059,1.3613228718824015,1.896976948
-0.3328416701833469,-0.13104665822511768,-1.0712567305785472,11.31022718
0.29505586039378595,-0.13104665822511768,0.8207496268910796,9.239590025
-1.2746879660490462,1.2578415462710002,-1.4766866643220387,6.339385557
-0.9607392007604798,-0.13104665822511768,-0.9361134193307168,11.20481558
1.5508509215480517,-0.13104665822511768,1.0234645937628255,7.951000082
-0.6467904354719134,1.2578415462710002,-0.4631118299633101,12.26061335
-0.3328416701833469,-0.13104665822511768,1.0234645937628255,6.415584433
0.29505586039378595,1.2578415462710002,0.6180346600193339,10.64366014
-0.01889290489478049,1.2578415462710002,0.5504630043954187,10.67889912
0.6090046256823524,1.2578415462710002,0.009889759404096645,14.42400177
-0.9607392007604798,-0.13104665822511768,0.9558929381389101,6.531751204
0.29505586039378595,1.2578415462710002,-0.19282520746764908,14.15986159
-1.2746879660490462,1.2578415462710002,0.009889759404096645,11.23959689
-0.9607392007604798,-1.1727128115972059,0.5504630043954187,10.18486588
-0.6467904354719134,-0.13104665822511768,-0.5306834855872252,12.58035877
1.2369021562594853,-1.1727128115972059,-0.8685417637068016,15.58902588
-0.01889290489478049,1.2578415462710002,0.14503307065192725,12.93007991
1.2369021562594853,1.2578415462710002,-1.0712567305785472,13.05120413
-0.3328416701833469,1.2578415462710002,0.8883212825149949,7.503647256
1.2369021562594853,-0.13104665822511768,0.5504630043954187,12.99010751
-0.3328416701833469,-1.1727128115972059,1.5640378387541471,-0.292545768
-0.01889290489478049,1.2578415462710002,-0.3279685187154795,13.56300919
-1.5886367313376129,-0.13104665822511768,1.0234645937628255,5.338200021
0.9229533909709189,-1.1727128115972059,-1.544258319945954,8.101414466
0.29505586039378595,-1.1727128115972059,-0.733398452458971,14.68920968
1.5508509215480517,1.2578415462710002,-0.5982551412111405,15.57171147
-0.3328416701833469,1.2578415462710002,-0.05768189621981866,12.96478493
-0.01889290489478049,1.2578415462710002,1.428894527506317,1.161457092
-0.3328416701833469,1.2578415462710002,-1.4766866643220387,7.183444822
-1.2746879660490462,-0.13104665822511768,0.9558929381389101,6.245491278
-0.3328416701833469,-1.1727128115972059,-1.2064000418263776,10.57402065
1.5508509215480517,-1.1727128115972059,-0.733398452458971,16.89592109
-1.5886367313376129,-1.1727128115972059,0.8207496268910796,7.329511344
-1.5886367313376129,1.2578415462710002,1.0910362493867403,4.490952871
1.5508509215480517,-1.1727128115972059,1.1586079050106557,6.258763039
-1.5886367313376129,-0.13104665822511768,0.28017638189975747,10.35348856
-0.3328416701833469,-0.13104665822511768,-1.003685074954632,11.77400276
-0.01889290489478049,-1.1727128115972059,0.21260472627584254,13.66521795
-0.01889290489478049,-1.1727128115972059,-1.6794016311937845,5.465239
1.5508509215480517,1.2578415462710002,0.009889759404096645,15.97791392
-0.01889290489478049,-0.13104665822511768,-1.273971697450293,10.06511469
-1.2746879660490462,1.2578415462710002,-0.9361134193307168,9.528061914
-1.2746879660490462,-0.13104665822511768,0.6856063156432489,8.503800197
1.5508509215480517,-1.1727128115972059,-1.1388283862024624,13.88244917
-0.3328416701833469,-0.13104665822511768,-0.19282520746764908,13.60442643
-0.9607392007604798,1.2578415462710002,1.1586079050106557,4.219856
-0.6467904354719134,-0.13104665822511768,-1.003685074954632,11.29523069
0.29505586039378595,-1.1727128115972059,0.4153196931475881,13.10703721
1.5508509215480517,-1.1727128115972059,-1.611829975569869,7.645747602
-0.01889290489478049,-1.1727128115972059,0.9558929381389101,7.710123718
0.9229533909709189,-0.13104665822511768,-0.6658267968350559,14.73077974
0.6090046256823524,1.2578415462710002,0.8207496268910796,9.145161462
-0.3328416701833469,-0.13104665822511768,1.1586079050106557,4.855226624
-0.9607392007604798,-0.13104665822511768,1.6991811500019778,-2.458325505
-0.9607392007604798,-1.1727128115972059,-0.4631118299633101,12.62925065
-0.9607392007604798,1.2578415462710002,0.14503307065192725,11.42883515
0.6090046256823524,1.2578415462710002,1.6991811500019778,-2.337810993
1.5508509215480517,-0.13104665822511768,0.8883212825149949,9.73369925
1.2369021562594853,-1.1727128115972059,-1.2064000418263776,12.70651772
0.29505586039378595,1.2578415462710002,1.4964661831302317,0.411521371
0.6090046256823524,-0.13104665822511768,-1.6794016311937845,5.518749
1.5508509215480517,1.2578415462710002,0.14503307065192725,15.46265403
1.5508509215480517,-1.1727128115972059,-0.6658267968350559,17.18668127
-0.9607392007604798,1.2578415462710002,-0.19282520746764908,11.99357467
-0.3328416701833469,-0.13104665822511768,1.6991811500019778,-2.449744537
-0.9607392007604798,1.2578415462710002,-0.8685417637068016,10.15214372
0.9229533909709189,-1.1727128115972059,-0.733398452458971,15.78131499
0.9229533909709189,1.2578415462710002,-1.273971697450293,10.69857812
1.2369021562594853,-1.1727128115972059,0.48289134877150336,14.03179529
-1.2746879660490462,1.2578415462710002,-0.733398452458971,10.34420419
-1.5886367313376129,1.2578415462710002,-0.8685417637068016,9.24027648
-1.2746879660490462,1.2578415462710002,-0.4631118299633101,11.20077293
-0.3328416701833469,1.2578415462710002,0.8207496268910796,8.138941884
-1.2746879660490462,-0.13104665822511768,-1.3415433530742082,7.896844947
0.29505586039378595,-0.13104665822511768,-1.273971697450293,10.38790991
0.9229533909709189,-1.1727128115972059,1.0910362493867403,6.851175186
-0.3328416701833469,-1.1727128115972059,-1.0712567305785472,11.67840688
-1.2746879660490462,-0.13104665822511768,-1.4766866643220387,6.617103076
1.5508509215480517,1.2578415462710002,0.7531779712671642,10.68185443
-1.5886367313376129,-0.13104665822511768,0.7531779712671642,7.615542662
-0.6467904354719134,-1.1727128115972059,0.9558929381389101,7.075210583
0.9229533909709189,1.2578415462710002,0.6856063156432489,10.8238901
0.9229533909709189,-1.1727128115972059,-0.9361134193307168,14.61896071
0.29505586039378595,-0.13104665822511768,0.07746141502801195,14.29425735
1.2369021562594853,-0.13104665822511768,-1.2064000418263776,12.29783578
-0.6467904354719134,-1.1727128115972059,1.5640378387541471,-0.374609842
-1.5886367313376129,-0.13104665822511768,0.8207496268910796,7.092524815
1.2369021562594853,-1.1727128115972059,0.6180346600193339,12.82939672
-0.6467904354719134,-1.1727128115972059,-0.2603968630915644,13.43303711
-1.2746879660490462,-1.1727128115972059,-0.3279685187154795,12.24009624
-0.3328416701833469,-0.13104665822511768,-0.8009701080828863,12.6980511
-0.9607392007604798,-0.13104665822511768,-1.611829975569869,5.385719132
-0.9607392007604798,1.2578415462710002,-0.3955401743393948,11.85330555
1.2369021562594853,-1.1727128115972059,0.3477480375236728,15.03038778
-1.2746879660490462,-0.13104665822511768,1.2937512162584863,2.70556823
1.5508509215480517,1.2578415462710002,1.0234645937628255,7.411511837
0.29505586039378595,1.2578415462710002,-0.3279685187154795,14.10196807
1.5508509215480517,-0.13104665822511768,-1.611829975569869,7.30014565
1.5508509215480517,1.2578415462710002,0.21260472627584254,15.12356011
-0.3328416701833469,-0.13104665822511768,-1.6794016311937845,4.949698
-1.2746879660490462,1.2578415462710002,1.0234645937628255,5.339039087
-0.9607392007604798,-0.13104665822511768,0.48289134877150336,10.3040837
-0.6467904354719134,-0.13104665822511768,-0.8685417637068016,12.04582379
-0.6467904354719134,1.2578415462710002,1.2937512162584863,2.841642803
-0.6467904354719134,-0.13104665822511768,1.2937512162584863,2.975047737
0.6090046256823524,1.2578415462710002,0.6180346600193339,11.05264711
1.5508509215480517,-1.1727128115972059,-0.5982551412111405,17.40239271
-1.5886367313376129,1.2578415462710002,-1.4766866643220387,6.0392434
0.29505586039378595,1.2578415462710002,-0.733398452458971,12.78683486
-0.6467904354719134,1.2578415462710002,-1.1388283862024624,9.934226584
-0.9607392007604798,1.2578415462710002,-0.6658267968350559,11.11191199
-1.5886367313376129,1.2578415462710002,-1.3415433530742082,7.21662441
-1.2746879660490462,-1.1727128115972059,-0.4631118299633101,12.06939192
-0.6467904354719134,-1.1727128115972059,0.8207496268910796,8.42192173
0.29505586039378595,1.2578415462710002,-0.4631118299633101,13.85384631
-1.5886367313376129,1.2578415462710002,0.9558929381389101,5.698675823
-0.6467904354719134,-1.1727128115972059,0.48289134877150336,11.12312496
-1.2746879660490462,-1.1727128115972059,0.8883212825149949,7.100152457
-1.5886367313376129,-0.13104665822511768,0.6180346600193339,8.565013838
1.2369021562594853,-1.1727128115972059,1.4964661831302317,0.932861012
0.9229533909709189,-1.1727128115972059,1.6991811500019778,-2.267828703
-0.3328416701833469,-0.13104665822511768,0.4153196931475881,11.68427982
0.29505586039378595,-0.13104665822511768,0.5504630043954187,11.69671273
1.5508509215480517,-0.13104665822511768,-0.5982551412111405,16.11346171
0.6090046256823524,-0.13104665822511768,-0.3279685187154795,15.22443113
0.29505586039378595,1.2578415462710002,-0.12525355184373377,14.11983094
1.5508509215480517,1.2578415462710002,-1.611829975569869,7.134479789
-0.6467904354719134,-0.13104665822511768,-0.3279685187154795,12.98316691
1.2369021562594853,-0.13104665822511768,-1.4091150086981235,9.909763605
1.5508509215480517,-0.13104665822511768,-0.12525355184373377,16.90148109
-0.3328416701833469,1.2578415462710002,1.6316094943780624,-1.351346391
0.29505586039378595,-1.1727128115972059,-0.6658267968350559,14.94373946
1.5508509215480517,1.2578415462710002,0.07746141502801195,15.7514827
-0.9607392007604798,-1.1727128115972059,-0.3955401743393948,12.72505212
0.9229533909709189,1.2578415462710002,-0.5982551412111405,14.43416158
-0.9607392007604798,1.2578415462710002,-1.1388283862024624,9.519671988
-0.9607392007604798,-0.13104665822511768,0.6180346600193339,9.404191422
0.29505586039378595,1.2578415462710002,-1.1388283862024624,11.18872111
-0.9607392007604798,1.2578415462710002,-0.8009701080828863,10.50422947
0.9229533909709189,1.2578415462710002,-0.8009701080828863,13.34478652
0.6090046256823524,-1.1727128115972059,1.0910362493867403,6.590353941
1.2369021562594853,-0.13104665822511768,1.0234645937628255,7.732014394
0.9229533909709189,1.2578415462710002,1.0910362493867403,6.273362588
-0.9607392007604798,-0.13104665822511768,-0.5982551412111405,11.83111113
-0.6467904354719134,-1.1727128115972059,1.226179560634571,3.949308383
-0.6467904354719134,-0.13104665822511768,0.5504630043954187,10.33215308
1.5508509215480517,-0.13104665822511768,-0.5306834855872252,16.39189501
-0.9607392007604798,-1.1727128115972059,-0.9361134193307168,11.57139246
-0.01889290489478049,1.2578415462710002,1.0910362493867403,5.503885061
0.29505586039378595,1.2578415462710002,1.2937512162584863,3.227441752
0.9229533909709189,-0.13104665822511768,0.6180346600193339,11.98251512
0.6090046256823524,-1.1727128115972059,1.5640378387541471,0.010911383
-1.2746879660490462,-1.1727128115972059,-0.12525355184373377,12.24886337
0.29505586039378595,-0.13104665822511768,1.226179560634571,4.351125348
1.2369021562594853,1.2578415462710002,-0.19282520746764908,15.7531692
0.6090046256823524,1.2578415462710002,1.428894527506317,1.379679945
0.29505586039378595,-1.1727128115972059,0.7531779712671642,10.29638016
-1.5886367313376129,-1.1727128115972059,-0.6658267968350559,11.57978334
-0.9607392007604798,-1.1727128115972059,0.7531779712671642,8.632440901
-0.6467904354719134,-0.13104665822511768,-0.4631118299633101,12.75579123
-1.5886367313376129,1.2578415462710002,-0.05768189621981866,10.8172621
-1.2746879660490462,-1.1727128115972059,-1.2064000418263776,9.310907197
0.9229533909709189,-1.1727128115972059,-0.3279685187154795,16.27794094
0.6090046256823524,-1.1727128115972059,0.28017638189975747,14.40208709
-0.6467904354719134,-1.1727128115972059,0.07746141502801195,13.022296
1.2369021562594853,-1.1727128115972059,0.8207496268910796,10.65128717
-0.01889290489478049,-1.1727128115972059,-1.544258319945954,7.315247965
-1.5886367313376129,-1.1727128115972059,0.6180346600193339,8.843112302
1.5508509215480517,1.2578415462710002,-0.05768189621981866,16.1472581
-1.2746879660490462,-0.13104665822511768,-0.5306834855872252,11.49954176
0.6090046256823524,1.2578415462710002,-0.5982551412111405,13.92339325
0.9229533909709189,-1.1727128115972059,1.226179560634571,4.866973186
-0.01889290489478049,-1.1727128115972059,-1.611829975569869,6.417338681
1.5508509215480517,-0.13104665822511768,0.28017638189975747,15.42855339
-0.3328416701833469,1.2578415462710002,-0.4631118299633101,12.79423401
1.2369021562594853,1.2578415462710002,-0.5982551412111405,14.94970226
1.5508509215480517,1.2578415462710002,0.9558929381389101,8.289737415
1.2369021562594853,-1.1727128115972059,0.07746141502801195,16.40066667
-0.6467904354719134,1.2578415462710002,1.428894527506317,1.14452408
-1.2746879660490462,-0.13104665822511768,-0.4631118299633101,11.65987217
-0.01889290489478049,-0.13104665822511768,0.4153196931475881,12.13483617
0.6090046256823524,-0.13104665822511768,1.2937512162584863,3.5323892
-0.9607392007604798,-1.1727128115972059,-1.3415433530742082,8.547165442
0.9229533909709189,-0.13104665822511768,0.48289134877150336,13.12015686
-0.3328416701833469,1.2578415462710002,-1.003685074954632,10.95375332
-1.5886367313376129,1.2578415462710002,-1.544258319945954,5.39227902
-1.5886367313376129,1.2578415462710002,-1.273971697450293,7.74513395
-0.9607392007604798,1.2578415462710002,-1.3415433530742082,7.901649964
0.6090046256823524,-1.1727128115972059,-0.5982551412111405,15.69266055
-0.01889290489478049,-1.1727128115972059,-1.4766866643220387,8.157095098
-0.3328416701833469,-1.1727128115972059,-1.544258319945954,6.987112868
-0.9607392007604798,-1.1727128115972059,-1.2064000418263776,9.736597586
1.5508509215480517,-0.13104665822511768,0.07746141502801195,16.41188002
-1.2746879660490462,-1.1727128115972059,-0.9361134193307168,11.0662235
0.6090046256823524,-1.1727128115972059,1.6991811500019778,-2.336476177
-1.5886367313376129,1.2578415462710002,0.14503307065192725,10.40186851
0.6090046256823524,-0.13104665822511768,0.5504630043954187,12.13788738
-0.6467904354719134,-1.1727128115972059,-0.6658267968350559,13.25150249
1.5508509215480517,1.2578415462710002,-1.1388283862024624,13.02915334
-0.01889290489478049,-1.1727128115972059,-0.19282520746764908,14.61888449
-0.3328416701833469,1.2578415462710002,0.07746141502801195,12.67524474
0.29505586039378595,1.2578415462710002,-0.2603968630915644,14.15444598
-0.3328416701833469,-0.13104665822511768,-1.4091150086981235,8.25088029
-0.3328416701833469,-1.1727128115972059,0.21260472627584254,13.10818138
0.9229533909709189,-1.1727128115972059,1.2937512162584863,3.814072812
-0.3328416701833469,1.2578415462710002,-0.8685417637068016,11.07072341
-1.5886367313376129,1.2578415462710002,-1.2064000418263776,8.23382783
-1.2746879660490462,-0.13104665822511768,-1.611829975569869,5.166504943
-0.01889290489478049,1.2578415462710002,0.8883212825149949,7.712640679
-1.5886367313376129,1.2578415462710002,0.009889759404096645,10.7152823
-0.9607392007604798,1.2578415462710002,0.3477480375236728,10.61635342
-0.6467904354719134,-0.13104665822511768,-0.9361134193307168,11.69427195
-1.5886367313376129,1.2578415462710002,1.4964661831302317,0.223579761
0.9229533909709189,1.2578415462710002,-0.4631118299633101,14.90361888
-1.5886367313376129,-0.13104665822511768,-1.4091150086981235,6.947398785
-0.9607392007604798,1.2578415462710002,1.226179560634571,3.472360706
-1.5886367313376129,-1.1727128115972059,-1.4091150086981235,7.203839559
0.9229533909709189,1.2578415462710002,-0.8685417637068016,12.89117966
-1.2746879660490462,-1.1727128115972059,-1.0712567305785472,10.27517579
-1.5886367313376129,-0.13104665822511768,-0.4631118299633101,11.11236959
0.9229533909709189,-0.13104665822511768,-1.4091150086981235,9.564374997
-0.01889290489478049,-0.13104665822511768,1.5640378387541471,-0.184665535
-0.01889290489478049,1.2578415462710002,0.21260472627584254,12.66212552
-1.5886367313376129,-1.1727128115972059,-0.2603968630915644,11.70548425
-0.01889290489478049,1.2578415462710002,1.4964661831302317,0.331203786
1.2369021562594853,-1.1727128115972059,-0.05768189621981866,16.76503258
1.5508509215480517,-0.13104665822511768,-1.0712567305785472,14.08534095
0.6090046256823524,-0.13104665822511768,-0.733398452458971,14.15818346
-1.5886367313376129,1.2578415462710002,1.3613228718824015,1.741909847
1.2369021562594853,-1.1727128115972059,0.9558929381389101,8.962177658
-0.6467904354719134,-1.1727128115972059,-0.8009701080828863,12.75739272
-1.2746879660490462,-1.1727128115972059,0.21260472627584254,11.47787971
0.29505586039378595,-1.1727128115972059,-0.4631118299633101,14.92367914
0.9229533909709189,1.2578415462710002,-1.0712567305785472,12.59408777
0.9229533909709189,1.2578415462710002,1.3613228718824015,2.472319198
0.29505586039378595,-1.1727128115972059,0.009889759404096645,14.94190898
-0.6467904354719134,-1.1727128115972059,-0.12525355184373377,13.39791699
0.6090046256823524,1.2578415462710002,-1.0712567305785472,12.15741379
0.9229533909709189,1.2578415462710002,1.428894527506317,1.431546846
-0.6467904354719134,-0.13104665822511768,1.1586079050106557,4.642266774
-0.6467904354719134,1.2578415462710002,-1.273971697450293,8.853409672
0.6090046256823524,-1.1727128115972059,0.8207496268910796,9.917369342
-0.01889290489478049,1.2578415462710002,-0.12525355184373377,13.56235802
1.2369021562594853,-1.1727128115972059,0.14503307065192725,16.13706059
1.2369021562594853,-0.13104665822511768,-0.3955401743393948,16.2268362
0.6090046256823524,-0.13104665822511768,1.4964661831302317,0.568800437
-1.5886367313376129,-1.1727128115972059,-1.0712567305785472,9.804787517
0.29505586039378595,-0.13104665822511768,1.4964661831302317,0.525933886
-1.5886367313376129,-1.1727128115972059,1.0910362493867403,4.857229453
-0.3328416701833469,-1.1727128115972059,-1.4766866643220387,7.798068738
-0.01889290489478049,-0.13104665822511768,-1.2064000418263776,10.69789169
1.2369021562594853,1.2578415462710002,1.3613228718824015,2.516711301
-1.2746879660490462,1.2578415462710002,1.0910362493867403,4.690050333
-1.2746879660490462,-0.13104665822511768,0.009889759404096645,11.69747565
-0.3328416701833469,-1.1727128115972059,0.48289134877150336,11.61563256
-0.9607392007604798,-1.1727128115972059,-1.544258319945954,6.445102811
-0.6467904354719134,-1.1727128115972059,-1.0712567305785472,11.21129837
1.2369021562594853,-0.13104665822511768,-0.8685417637068016,15.10338278
1.5508509215480517,1.2578415462710002,-1.2064000418263776,12.36629763
-0.01889290489478049,-1.1727128115972059,0.4153196931475881,12.56388307
-1.2746879660490462,1.2578415462710002,0.28017638189975747,10.42600815
1.5508509215480517,-0.13104665822511768,-0.6658267968350559,15.79283249
0.9229533909709189,-0.13104665822511768,1.1586079050106557,5.676479924
-1.5886367313376129,-0.13104665822511768,-1.1388283862024624,9.061259103
0.29505586039378595,-0.13104665822511768,-1.003685074954632,12.72708827
0.29505586039378595,-0.13104665822511768,-0.733398452458971,13.6405045
-1.5886367313376129,1.2578415462710002,1.1586079050106557,3.858617347
-0.3328416701833469,-0.13104665822511768,0.48289134877150336,11.25546196
-1.5886367313376129,-0.13104665822511768,-0.12525355184373377,11.32331567
-1.2746879660490462,-1.1727128115972059,-1.6794016311937845,4.606265
0.29505586039378595,-0.13104665822511768,-1.2064000418263776,11.0524946
-1.5886367313376129,-1.1727128115972059,-1.611829975569869,5.16764909
1.2369021562594853,-1.1727128115972059,1.6316094943780624,-0.906968263
-0.6467904354719134,-1.1727128115972059,0.6856063156432489,9.61905812
-1.5886367313376129,-1.1727128115972059,-0.5306834855872252,11.5928262
0.6090046256823524,-0.13104665822511768,-0.8685417637068016,14.08061197
-0.6467904354719134,1.2578415462710002,1.5640378387541471,-0.381572391
0.9229533909709189,-1.1727128115972059,0.28017638189975747,14.9368727
-0.9607392007604798,1.2578415462710002,-0.12525355184373377,11.95948784
0.29505586039378595,1.2578415462710002,-0.05768189621981866,14.03217659
-1.2746879660490462,1.2578415462710002,0.3477480375236728,10.12941453
-1.5886367313376129,-0.13104665822511768,0.6856063156432489,8.106544397
-0.01889290489478049,-0.13104665822511768,0.48289134877150336,11.68511872
-0.01889290489478049,1.2578415462710002,0.4153196931475881,11.59724996
-1.5886367313376129,-0.13104665822511768,0.3477480375236728,10.06465688
-1.5886367313376129,-1.1727128115972059,0.28017638189975747,10.67415638
0.9229533909709189,-0.13104665822511768,0.28017638189975747,14.46639303
-1.5886367313376129,-0.13104665822511768,-1.4766866643220387,6.315587759
0.9229533909709189,-1.1727128115972059,-0.05768189621981866,16.19945421
-0.6467904354719134,-1.1727128115972059,0.4153196931475881,11.54340017
1.5508509215480517,-1.1727128115972059,1.2937512162584863,4.058305562
-0.6467904354719134,1.2578415462710002,-0.2603968630915644,12.53009298
-1.2746879660490462,1.2578415462710002,-0.8685417637068016,9.700519848
-1.2746879660490462,-1.1727128115972059,1.2937512162584863,2.817997634
-0.9607392007604798,1.2578415462710002,-1.611829975569869,5.133630681
-0.9607392007604798,-0.13104665822511768,0.8883212825149949,7.176732552
0.29505586039378595,1.2578415462710002,-0.8009701080828863,12.4024091
-0.01889290489478049,-1.1727128115972059,1.1586079050106557,5.240262771
-0.9607392007604798,1.2578415462710002,0.21260472627584254,11.19619629
0.6090046256823524,1.2578415462710002,-1.2064000418263776,10.99345686
-0.01889290489478049,-1.1727128115972059,0.5504630043954187,11.60594506
-1.5886367313376129,-1.1727128115972059,1.428894527506317,1.084877017
0.29505586039378595,1.2578415462710002,0.48289134877150336,11.67093163
1.5508509215480517,-0.13104665822511768,0.14503307065192725,16.13873882
-0.3328416701833469,-0.13104665822511768,-0.12525355184373377,13.56666042
0.29505586039378595,-0.13104665822511768,1.0910362493867403,6.130826449
0.9229533909709189,1.2578415462710002,-1.611829975569869,6.424737442
-0.9607392007604798,-0.13104665822511768,-0.8009701080828863,11.65643966
-1.5886367313376129,-0.13104665822511768,-1.6794016311937845,4.187418
-0.9607392007604798,-0.13104665822511768,0.07746141502801195,12.08754606
-1.5886367313376129,-1.1727128115972059,-0.12525355184373377,11.67128563
1.2369021562594853,-0.13104665822511768,0.009889759404096645,16.09976234
-0.01889290489478049,-0.13104665822511768,1.1586079050106557,4.993360853
0.29505586039378595,-1.1727128115972059,1.0234645937628255,7.263152266
-1.2746879660490462,-1.1727128115972059,-0.05768189621981866,12.17114315
1.2369021562594853,-0.13104665822511768,1.428894527506317,1.567392623
0.29505586039378595,1.2578415462710002,-1.6794016311937845,5.044279
-1.2746879660490462,-0.13104665822511768,1.4964661831302317,0.287879591
1.2369021562594853,-1.1727128115972059,-0.5982551412111405,16.82567567
1.2369021562594853,-1.1727128115972059,1.0234645937628255,8.045275998
0.9229533909709189,-0.13104665822511768,1.0234645937628255,7.4903754
-0.01889290489478049,-1.1727128115972059,-1.1388283862024624,11.63897254
-0.3328416701833469,-0.13104665822511768,1.5640378387541471,-0.295127388
-0.3328416701833469,-0.13104665822511768,-0.3955401743393948,13.45080838
-0.9607392007604798,-1.1727128115972059,0.4153196931475881,11.03060312
-1.2746879660490462,-1.1727128115972059,0.4153196931475881,10.54785883
1.5508509215480517,-1.1727128115972059,0.48289134877150336,14.48296201
-1.2746879660490462,-0.13104665822511768,-0.8685417637068016,11.03319614
-1.2746879660490462,-0.13104665822511768,1.6991811500019778,-2.428578258
0.6090046256823524,1.2578415462710002,1.6316094943780624,-1.134801722
0.29505586039378595,-1.1727128115972059,-0.5982551412111405,15.13597016
-1.5886367313376129,-0.13104665822511768,-0.6658267968350559,10.55975773
1.2369021562594853,-0.13104665822511768,-0.5306834855872252,15.83966553
-0.3328416701833469,-1.1727128115972059,-1.003685074954632,12.15522128
-1.2746879660490462,-1.1727128115972059,1.3613228718824015,1.996744609
0.9229533909709189,1.2578415462710002,0.6180346600193339,11.44111509
0.6090046256823524,-0.13104665822511768,0.3477480375236728,13.57483194
-1.5886367313376129,-1.1727128115972059,-0.3279685187154795,11.66574535
-1.5886367313376129,-1.1727128115972059,1.226179560634571,3.433918136
0.9229533909709189,1.2578415462710002,0.8883212825149949,8.727555728
-1.5886367313376129,1.2578415462710002,0.5504630043954187,8.62443192
-0.01889290489478049,1.2578415462710002,0.6180346600193339,10.16129725
0.9229533909709189,1.2578415462710002,-1.4091150086981235,9.156323091
1.2369021562594853,1.2578415462710002,0.3477480375236728,13.8945771
-0.9607392007604798,-0.13104665822511768,1.0234645937628255,5.855649567
-0.9607392007604798,-0.13104665822511768,0.8207496268910796,7.785483456
-0.01889290489478049,1.2578415462710002,-1.273971697450293,9.681145716
-0.3328416701833469,-0.13104665822511768,-1.544258319945954,6.690098071
0.29505586039378595,-0.13104665822511768,1.5640378387541471,-0.095951847
0.9229533909709189,-1.1727128115972059,-1.4766866643220387,9.045165133
-1.5886367313376129,1.2578415462710002,-1.6794016311937845,3.97345614
1.2369021562594853,1.2578415462710002,-1.611829975569869,6.687810016
0.6090046256823524,-1.1727128115972059,0.6180346600193339,11.94834414
-1.5886367313376129,-1.1727128115972059,0.07746141502801195,11.34203355
-1.5886367313376129,-1.1727128115972059,0.5504630043954187,9.27887156
-1.5886367313376129,-0.13104665822511768,1.1586079050106557,4.035270679
-1.5886367313376129,-1.1727128115972059,0.4153196931475881,10.04665589
-0.9607392007604798,-0.13104665822511768,1.6316094943780624,-1.4370033
0.6090046256823524,1.2578415462710002,-0.5306834855872252,14.17511652
-0.3328416701833469,-1.1727128115972059,-0.8009701080828863,13.29505532
1.5508509215480517,-1.1727128115972059,0.7531779712671642,11.78862414
0.6090046256823524,-0.13104665822511768,0.21260472627584254,14.29738474
-0.9607392007604798,-0.13104665822511768,0.21260472627584254,11.65041368
-0.01889290489478049,1.2578415462710002,-1.3415433530742082,9.026172495
-0.01889290489478049,-0.13104665822511768,-1.544258319945954,7.026699531
-0.3328416701833469,1.2578415462710002,0.48289134877150336,10.78865879
-0.01889290489478049,-1.1727128115972059,1.428894527506317,1.445657802
1.5508509215480517,1.2578415462710002,-1.4766866643220387,9.116603357
0.29505586039378595,-1.1727128115972059,-1.2064000418263776,11.41853755
1.5508509215480517,-0.13104665822511768,-0.8009701080828863,15.81533399
1.5508509215480517,-0.13104665822511768,0.48289134877150336,13.97405515
0.9229533909709189,1.2578415462710002,0.14503307065192725,14.5013447
-0.9607392007604798,-1.1727128115972059,1.4964661831302317,0.42456439
1.2369021562594853,-1.1727128115972059,0.21260472627584254,15.81998653
1.5508509215480517,-0.13104665822511768,1.3613228718824015,2.736306947
0.9229533909709189,-0.13104665822511768,-1.3415433530742082,10.38974054
-1.5886367313376129,-0.13104665822511768,-1.544258319945954,5.643528712
-0.6467904354719134,-0.13104665822511768,1.5640378387541471,-0.379069002
0.29505586039378595,-0.13104665822511768,-0.5306834855872252,14.21599944
0.29505586039378595,-0.13104665822511768,-0.5982551412111405,13.97541635
-0.3328416701833469,-1.1727128115972059,0.009889759404096645,13.76673996
0.6090046256823524,1.2578415462710002,0.28017638189975747,13.38070608
-0.01889290489478049,-1.1727128115972059,-1.003685074954632,12.68014981
0.9229533909709189,-1.1727128115972059,1.0234645937628255,7.778160977
0.6090046256823524,1.2578415462710002,-0.12525355184373377,14.65258207
-1.5886367313376129,-1.1727128115972059,-0.9361134193307168,10.55800338
-1.2746879660490462,-0.13104665822511768,0.07746141502801195,11.54675653
-0.01889290489478049,-1.1727128115972059,0.7531779712671642,9.844298196
-0.01889290489478049,1.2578415462710002,-0.8009701080828863,11.97565081
1.2369021562594853,-1.1727128115972059,0.8883212825149949,9.830034852
-1.2746879660490462,-1.1727128115972059,0.6180346600193339,9.28558383
-1.2746879660490462,-1.1727128115972059,-0.3955401743393948,12.16130395
-1.5886367313376129,-0.13104665822511768,1.226179560634571,3.31592077
1.5508509215480517,1.2578415462710002,0.8883212825149949,9.128468549
-0.9607392007604798,-1.1727128115972059,-0.5982551412111405,12.84114847
1.2369021562594853,-0.13104665822511768,0.6856063156432489,11.71892824
1.2369021562594853,-0.13104665822511768,0.48289134877150336,13.55614469
-1.5886367313376129,-0.13104665822511768,-0.5982551412111405,10.77249246
0.9229533909709189,1.2578415462710002,0.7531779712671642,10.16610289
1.2369021562594853,-1.1727128115972059,1.428894527506317,1.809947199
-1.2746879660490462,-1.1727128115972059,1.428894527506317,1.147117406
1.5508509215480517,-1.1727128115972059,0.9558929381389101,9.241802001
1.2369021562594853,-1.1727128115972059,-1.4091150086981235,10.28472387
0.6090046256823524,1.2578415462710002,-1.544258319945954,7.13851856
-1.5886367313376129,1.2578415462710002,-1.0712567305785472,9.09001482
-0.9607392007604798,-0.13104665822511768,1.0910362493867403,5.146370325
-0.3328416701833469,-1.1727128115972059,1.3613228718824015,2.299403906
-1.2746879660490462,-0.13104665822511768,-1.6794016311937845,4.384794
-0.01889290489478049,-0.13104665822511768,-0.6658267968350559,13.19345717
-0.9607392007604798,-1.1727128115972059,0.48289134877150336,10.62680378
-0.01889290489478049,-0.13104665822511768,1.0910362493867403,5.821814867
0.29505586039378595,1.2578415462710002,-1.273971697450293,9.96206665
1.2369021562594853,-1.1727128115972059,-1.003685074954632,14.61362335
0.29505586039378595,-0.13104665822511768,-0.12525355184373377,14.70006825
-0.6467904354719134,1.2578415462710002,-1.611829975569869,5.345217431
0.9229533909709189,-0.13104665822511768,-0.8009701080828863,14.7789854
0.29505586039378595,1.2578415462710002,1.0234645937628255,6.62785778
-0.6467904354719134,1.2578415462710002,1.1586079050106557,4.436248231
-0.3328416701833469,-0.13104665822511768,0.009889759404096645,13.35958397
1.5508509215480517,1.2578415462710002,-0.2603968630915644,16.34873101
-0.01889290489478049,-0.13104665822511768,-1.611829975569869,6.14190948
-0.3328416701833469,-0.13104665822511768,-0.5306834855872252,13.12641146
-0.6467904354719134,-1.1727128115972059,0.28017638189975747,12.26091069
-0.3328416701833469,-1.1727128115972059,0.6180346600193339,10.61414137
1.2369021562594853,1.2578415462710002,1.428894527506317,1.443445817
0.6090046256823524,-1.1727128115972059,0.6856063156432489,11.31893469
0.29505586039378595,-0.13104665822511768,-0.9361134193307168,13.17759163
-0.9607392007604798,-1.1727128115972059,-0.6658267968350559,12.69042323
-0.3328416701833469,-1.1727128115972059,-1.4091150086981235,8.558639967
0.9229533909709189,-1.1727128115972059,-1.003685074954632,14.11928333
-0.9607392007604798,-1.1727128115972059,-1.6794016311937845,4.811598
0.29505586039378595,1.2578415462710002,1.6316094943780624,-1.22267049
-0.01889290489478049,1.2578415462710002,-0.4631118299633101,13.33426058
-0.3328416701833469,-0.13104665822511768,-0.2603968630915644,13.59695184
0.29505586039378595,-0.13104665822511768,-0.6658267968350559,13.6969486
0.29505586039378595,-1.1727128115972059,-1.611829975569869,6.600856173
0.9229533909709189,-1.1727128115972059,-1.0712567305785472,13.56171272
0.9229533909709189,1.2578415462710002,0.009889759404096645,14.94572241
0.9229533909709189,1.2578415462710002,0.28017638189975747,13.85955681
1.2369021562594853,-1.1727128115972059,-1.6794016311937845,6.253962
1.2369021562594853,-1.1727128115972059,-0.3279685187154795,16.85129995
-0.01889290489478049,-0.13104665822511768,-0.4631118299633101,13.8795505
-1.5886367313376129,-1.1727128115972059,0.21260472627584254,10.93289514
-0.01889290489478049,1.2578415462710002,1.6316094943780624,-1.255621299
1.5508509215480517,1.2578415462710002,0.48289134877150336,13.27619016
-0.3328416701833469,-1.1727128115972059,-1.1388283862024624,11.1527195
1.2369021562594853,-1.1727128115972059,1.0910362493867403,7.084850482
-1.5886367313376129,-1.1727128115972059,-1.273971697450293,8.365402174
-1.5886367313376129,-0.13104665822511768,0.4153196931475881,9.740869236
0.29505586039378595,1.2578415462710002,-0.6658267968350559,13.12328434
1.2369021562594853,1.2578415462710002,1.226179560634571,4.554093111
-0.01889290489478049,-1.1727128115972059,-1.2064000418263776,11.04013746
-0.6467904354719134,1.2578415462710002,1.3613228718824015,2.009558761
1.2369021562594853,-0.13104665822511768,-0.733398452458971,15.19262488
-0.9607392007604798,1.2578415462710002,1.0910362493867403,4.92388202
-0.9607392007604798,-1.1727128115972059,0.28017638189975747,11.72158801
0.29505586039378595,-0.13104665822511768,-1.4091150086981235,8.905358706
-0.01889290489478049,-0.13104665822511768,0.14503307065192725,13.49054797
-0.01889290489478049,-1.1727128115972059,-0.8685417637068016,13.51793082
1.5508509215480517,-1.1727128115972059,-1.3415433530742082,11.55880756
-0.6467904354719134,1.2578415462710002,-0.5982551412111405,11.87179157
0.9229533909709189,1.2578415462710002,-0.9361134193307168,12.671965
0.6090046256823524,-0.13104665822511768,-1.544258319945954,7.46939975
-0.3328416701833469,1.2578415462710002,1.0234645937628255,6.12367996
-1.2746879660490462,1.2578415462710002,-0.3955401743393948,11.32189779
-1.5886367313376129,1.2578415462710002,0.8883212825149949,6.262271667
-0.3328416701833469,-1.1727128115972059,1.6991811500019778,-2.448028401
-1.5886367313376129,-1.1727128115972059,0.9558929381389101,6.156020677
1.5508509215480517,-1.1727128115972059,1.3613228718824015,2.932104844
-0.01889290489478049,-0.13104665822511768,-1.1388283862024624,11.28078556
0.6090046256823524,-1.1727128115972059,-0.8685417637068016,14.53871953
0.6090046256823524,1.2578415462710002,-0.19282520746764908,14.69775264
0.6090046256823524,-1.1727128115972059,-0.12525355184373377,15.71878868
1.5508509215480517,-0.13104665822511768,-0.8685417637068016,15.63280795
-0.6467904354719134,1.2578415462710002,1.0234645937628255,5.868387544
-0.9607392007604798,1.2578415462710002,0.48289134877150336,9.889529037
-1.5886367313376129,1.2578415462710002,0.21260472627584254,10.19051003
0.6090046256823524,1.2578415462710002,1.1586079050106557,5.208303952
1.2369021562594853,-0.13104665822511768,1.5640378387541471,0.187165301
0.29505586039378595,1.2578415462710002,0.14503307065192725,13.48696303
-1.2746879660490462,1.2578415462710002,-0.5982551412111405,10.84688974
-0.01889290489478049,-0.13104665822511768,1.3613228718824015,2.248757148
-0.6467904354719134,1.2578415462710002,0.48289134877150336,10.34336517
0.29505586039378595,1.2578415462710002,0.6856063156432489,10.07091869
0.6090046256823524,1.2578415462710002,0.07746141502801195,14.23583133
0.29505586039378595,-0.13104665822511768,-0.8685417637068016,13.57887466
-0.6467904354719134,-0.13104665822511768,0.07746141502801195,12.63977685
-0.3328416701833469,-0.13104665822511768,0.7531779712671642,9.140203452
-0.3328416701833469,1.2578415462710002,1.3613228718824015,2.10383476
-1.2746879660490462,-1.1727128115972059,0.3477480375236728,10.89544418
-0.3328416701833469,-0.13104665822511768,-0.4631118299633101,13.31000533
0.9229533909709189,1.2578415462710002,-1.003685074954632,12.74836697
1.5508509215480517,1.2578415462710002,0.5504630043954187,12.69363386
0.29505586039378595,1.2578415462710002,-0.5982551412111405,13.41293682
0.29505586039378595,-0.13104665822511768,1.3613228718824015,2.422969294
-1.5886367313376129,-0.13104665822511768,-1.273971697450293,8.085396504
0.9229533909709189,-0.13104665822511768,-0.05768189621981866,15.70885391
-0.6467904354719134,-0.13104665822511768,-1.2064000418263776,9.818593431
-0.01889290489478049,-0.13104665822511768,-0.12525355184373377,14.12428968
0.29505586039378595,1.2578415462710002,0.28017638189975747,12.89239018
0.29505586039378595,-0.13104665822511768,0.21260472627584254,13.78390181
1.2369021562594853,1.2578415462710002,-1.273971697450293,11.09978466
1.5508509215480517,1.2578415462710002,0.6856063156432489,11.39626581
0.9229533909709189,-0.13104665822511768,-0.733398452458971,14.67769206
-0.01889290489478049,-0.13104665822511768,-0.5306834855872252,13.69481282
1.5508509215480517,-1.1727128115972059,-0.19282520746764908,17.49406886
-0.01889290489478049,-1.1727128115972059,0.6180346600193339,11.06210487
-0.3328416701833469,-0.13104665822511768,-0.3279685187154795,13.54729669
-0.3328416701833469,-0.13104665822511768,-1.4766866643220387,7.495562315
-0.9607392007604798,-0.13104665822511768,1.428894527506317,1.12926904
-1.2746879660490462,-0.13104665822511768,-1.0712567305785472,9.945667744
-1.5886367313376129,-1.1727128115972059,-0.05768189621981866,11.59938595
-0.9607392007604798,-0.13104665822511768,0.7531779712671642,8.35983417
-0.9607392007604798,-1.1727128115972059,0.8883212825149949,7.414024103
-1.2746879660490462,1.2578415462710002,-0.12525355184373377,11.41562748
0.29505586039378595,-0.13104665822511768,-0.19282520746764908,14.74077182
1.2369021562594853,-1.1727128115972059,0.6856063156432489,12.15232661
0.6090046256823524,-0.13104665822511768,-1.3415433530742082,10.02468851
0.6090046256823524,-1.1727128115972059,0.8883212825149949,9.150424385
-0.6467904354719134,-0.13104665822511768,0.6180346600193339,9.843916798
-1.5886367313376129,-1.1727128115972059,-1.003685074954632,10.20211234
-0.01889290489478049,-0.13104665822511768,-1.3415433530742082,9.382224131
0.9229533909709189,1.2578415462710002,0.21260472627584254,14.20440564
1.5508509215480517,1.2578415462710002,1.428894527506317,1.3488343
-1.2746879660490462,-0.13104665822511768,-0.12525355184373377,11.87859709
-1.5886367313376129,1.2578415462710002,0.7531779712671642,7.297781026
-0.3328416701833469,1.2578415462710002,1.6991811500019778,-2.448409751
1.2369021562594853,-0.13104665822511768,0.8207496268910796,10.25725081
0.9229533909709189,-1.1727128115972059,-1.611829975569869,7.09923718
0.29505586039378595,-1.1727128115972059,-1.1388283862024624,12.04422195
0.9229533909709189,-1.1727128115972059,1.6316094943780624,-1.030381233
-0.3328416701833469,-0.13104665822511768,-0.05768189621981866,13.48192902
-1.2746879660490462,1.2578415462710002,0.8883212825149949,6.551048791
0.29505586039378595,1.2578415462710002,-1.611829975569869,5.99164778
-0.9607392007604798,-0.13104665822511768,1.5640378387541471,-0.448850845
-0.3328416701833469,-1.1727128115972059,-0.8685417637068016,12.96325927
-0.3328416701833469,-0.13104665822511768,1.428894527506317,1.269081205
1.2369021562594853,-0.13104665822511768,0.8883212825149949,9.459948325
-0.3328416701833469,-0.13104665822511768,-0.733398452458971,12.60118189
-0.9607392007604798,-0.13104665822511768,-1.4091150086981235,7.601329852
0.6090046256823524,1.2578415462710002,0.14503307065192725,13.99861591
-0.01889290489478049,-1.1727128115972059,-1.0712567305785472,12.18456733
-0.3328416701833469,1.2578415462710002,-1.4091150086981235,7.912688488
-1.5886367313376129,-0.13104665822511768,-0.8685417637068016,10.52604434
-0.9607392007604798,-0.13104665822511768,-1.0712567305785472,10.39706347
1.5508509215480517,-1.1727128115972059,-0.3279685187154795,17.43228722
0.29505586039378595,-1.1727128115972059,-1.6794016311937845,5.610514
-0.6467904354719134,-0.13104665822511768,1.226179560634571,3.817581433
1.5508509215480517,-1.1727128115972059,0.14503307065192725,16.67396026
-1.5886367313376129,-1.1727128115972059,0.8883212825149949,6.759889662
-0.01889290489478049,-1.1727128115972059,0.48289134877150336,12.10524135
0.9229533909709189,-1.1727128115972059,-1.3415433530742082,10.7631829
1.5508509215480517,-1.1727128115972059,0.07746141502801195,16.94855103
-0.3328416701833469,-0.13104665822511768,0.9558929381389101,7.151714349
-0.6467904354719134,1.2578415462710002,0.9558929381389101,6.547387469
-1.5886367313376129,1.2578415462710002,-0.9361134193307168,9.07453067
-0.9607392007604798,-1.1727128115972059,0.9558929381389101,6.752643728
-1.2746879660490462,-0.13104665822511768,0.28017638189975747,10.86410099
0.29505586039378595,-0.13104665822511768,1.428894527506317,1.410952663
-0.3328416701833469,-1.1727128115972059,0.14503307065192725,13.37338943
0.9229533909709189,-0.13104665822511768,1.5640378387541471,0.139913916
1.5508509215480517,1.2578415462710002,1.226179560634571,4.549735339
-0.3328416701833469,-1.1727128115972059,0.07746141502801195,13.59306173
-0.01889290489478049,-1.1727128115972059,0.6856063156432489,10.4738077
-1.2746879660490462,1.2578415462710002,-1.273971697450293,8.1281106
-0.01889290489478049,-0.13104665822511768,0.21260472627584254,13.22000058
0.9229533909709189,-0.13104665822511768,-1.544258319945954,7.742159331
-1.2746879660490462,-0.13104665822511768,-1.544258319945954,5.911254156
-0.9607392007604798,1.2578415462710002,0.28017638189975747,10.92566835
1.5508509215480517,1.2578415462710002,1.4964661831302317,0.509632573
0.29505586039378595,-0.13104665822511768,-0.3955401743393948,14.5723567
-0.6467904354719134,-1.1727128115972059,-1.3415433530742082,8.913590622
0.29505586039378595,-1.1727128115972059,1.428894527506317,1.570977572
-0.01889290489478049,1.2578415462710002,-1.4766866643220387,7.563828123
1.2369021562594853,-1.1727128115972059,1.226179560634571,5.03187958
-0.3328416701833469,-0.13104665822511768,1.4964661831302317,0.412589219
0.9229533909709189,1.2578415462710002,-1.1388283862024624,12.01973734
1.5508509215480517,-0.13104665822511768,0.6856063156432489,12.06901056
-0.6467904354719134,-1.1727128115972059,-0.9361134193307168,12.07732513
-1.5886367313376129,1.2578415462710002,-0.19282520746764908,10.9142076
-0.9607392007604798,1.2578415462710002,1.6991811500019778,-2.459278956
1.2369021562594853,1.2578415462710002,1.1586079050106557,5.527972388
-0.9607392007604798,1.2578415462710002,0.6180346600193339,9.019994259
-0.9607392007604798,-0.13104665822511768,-0.12525355184373377,12.43622667
-0.6467904354719134,1.2578415462710002,-0.733398452458971,11.3177026
-1.2746879660490462,-1.1727128115972059,-0.8009701080828863,11.68687296
-0.01889290489478049,-0.13104665822511768,1.2937512162584863,3.192507738
0.9229533909709189,-0.13104665822511768,-0.3955401743393948,15.67369094
0.29505586039378595,-1.1727128115972059,1.1586079050106557,5.520726049
1.5508509215480517,-0.13104665822511768,-1.3415433530742082,11.17209313
-1.5886367313376129,-1.1727128115972059,1.1586079050106557,4.18011663
0.29505586039378595,-1.1727128115972059,0.9558929381389101,8.084938955
0.29505586039378595,-0.13104665822511768,1.6991811500019778,-2.378045946
0.6090046256823524,1.2578415462710002,-0.2603968630915644,14.69149814
-0.3328416701833469,-1.1727128115972059,0.5504630043954187,11.13830338
1.2369021562594853,-0.13104665822511768,0.07746141502801195,15.89054115
0.29505586039378595,-1.1727128115972059,0.14503307065192725,14.51980312
-1.2746879660490462,1.2578415462710002,-1.6794016311937845,4.170285
0.6090046256823524,1.2578415462710002,0.21260472627584254,13.71288998
1.2369021562594853,-1.1727128115972059,-0.19282520746764908,16.91529465
1.5508509215480517,-0.13104665822511768,1.5640378387541471,0.251314532
-0.01889290489478049,1.2578415462710002,-0.05768189621981866,13.46987777
-0.6467904354719134,-0.13104665822511768,-0.3955401743393948,12.89079819
-0.3328416701833469,-1.1727128115972059,1.0234645937628255,6.640595615
0.6090046256823524,-0.13104665822511768,0.9558929381389101,8.060149717
1.2369021562594853,1.2578415462710002,0.21260472627584254,14.6633523
-0.6467904354719134,1.2578415462710002,0.21260472627584254,11.70761981
-0.6467904354719134,-1.1727128115972059,1.6316094943780624,-1.396196097
0.6090046256823524,-1.1727128115972059,-0.3955401743393948,15.59917021
0.6090046256823524,1.2578415462710002,1.5640378387541471,0.012084845
-0.01889290489478049,1.2578415462710002,0.7531779712671642,9.010307312
-0.6467904354719134,-1.1727128115972059,-1.544258319945954,6.716184103
-0.3328416701833469,1.2578415462710002,-0.2603968630915644,13.07683246
1.5508509215480517,1.2578415462710002,-1.544258319945954,8.155449731
1.2369021562594853,-0.13104665822511768,-0.19282520746764908,16.40226865
0.6090046256823524,-1.1727128115972059,0.21260472627584254,14.74557695
-0.01889290489478049,1.2578415462710002,0.009889759404096645,13.33738759
-1.5886367313376129,-0.13104665822511768,-0.733398452458971,10.5206285
-0.3328416701833469,-0.13104665822511768,0.07746141502801195,13.1876601
0.6090046256823524,1.2578415462710002,-1.003685074954632,12.30299918
-0.01889290489478049,-1.1727128115972059,-0.733398452458971,14.15688677
-1.5886367313376129,-0.13104665822511768,-0.5306834855872252,10.95981979
-0.3328416701833469,1.2578415462710002,1.2937512162584863,2.97199676
1.5508509215480517,-1.1727128115972059,-0.5306834855872252,17.28172011
-0.3328416701833469,1.2578415462710002,-0.12525355184373377,13.0430625
-0.9607392007604798,-1.1727128115972059,-0.8685417637068016,11.91760495
-1.2746879660490462,-0.13104665822511768,-0.8009701080828863,11.13578639
-0.3328416701833469,1.2578415462710002,1.226179560634571,3.810030246
0.29505586039378595,1.2578415462710002,-0.5306834855872252,13.65492108
-0.01889290489478049,-1.1727128115972059,-1.273971697450293,10.39187627
-0.01889290489478049,-1.1727128115972059,1.6991811500019778,-2.401119277
-1.5886367313376129,1.2578415462710002,1.428894527506317,0.988770565
1.2369021562594853,-1.1727128115972059,-0.8009701080828863,15.98901215
0.29505586039378595,-1.1727128115972059,-0.19282520746764908,15.20421848
-0.01889290489478049,-0.13104665822511768,-1.0712567305785472,11.8118881
-0.01889290489478049,1.2578415462710002,-1.1388283862024624,10.8422034
0.6090046256823524,-0.13104665822511768,1.428894527506317,1.463887423
1.5508509215480517,-0.13104665822511768,1.6991811500019778,-2.012879491
-1.5886367313376129,1.2578415462710002,-1.4091150086981235,6.64887063
0.29505586039378595,-1.1727128115972059,0.6180346600193339,11.55560393
1.2369021562594853,-1.1727128115972059,0.009889759404096645,16.61049938
-1.2746879660490462,-0.13104665822511768,-1.1388283862024624,9.498543453
0.9229533909709189,-1.1727128115972059,1.4964661831302317,0.847204186
1.5508509215480517,1.2578415462710002,-1.273971697450293,11.64282004
-0.9607392007604798,-0.13104665822511768,0.6856063156432489,8.900743069
0.29505586039378595,-1.1727128115972059,0.5504630043954187,12.11645408
0.6090046256823524,1.2578415462710002,-1.273971697450293,10.32879684
-0.01889290489478049,-1.1727128115972059,-0.2603968630915644,14.61385026
1.2369021562594853,-0.13104665822511768,-0.05768189621981866,16.25307493
-1.2746879660490462,-0.13104665822511768,1.6316094943780624,-1.446080032
0.9229533909709189,-1.1727128115972059,0.7531779712671642,11.04692621
-0.9607392007604798,1.2578415462710002,-1.2064000418263776,9.025638556
-1.5886367313376129,-0.13104665822511768,1.4964661831302317,0.262785122
0.6090046256823524,-1.1727128115972059,0.07746141502801195,15.2861378
0.6090046256823524,-0.13104665822511768,1.0234645937628255,7.233481157
-0.6467904354719134,-0.13104665822511768,-0.8009701080828863,12.17671154
-1.5886367313376129,1.2578415462710002,1.6991811500019778,-2.386817649
0.9229533909709189,-1.1727128115972059,0.5504630043954187,13.00696495
-0.3328416701833469,-0.13104665822511768,-0.8685417637068016,12.55732341
-0.01889290489478049,-1.1727128115972059,-0.5306834855872252,14.45496907
0.6090046256823524,1.2578415462710002,1.2937512162584863,3.354821044
0.6090046256823524,-1.1727128115972059,1.2937512162584863,3.658853072
-0.6467904354719134,1.2578415462710002,-0.9361134193307168,10.42581847
0.29505586039378595,-1.1727128115972059,-1.544258319945954,7.532631767
-0.3328416701833469,1.2578415462710002,1.0910362493867403,5.386616902
-0.9607392007604798,-1.1727128115972059,1.1586079050106557,4.553025222
-0.6467904354719134,-1.1727128115972059,-1.611829975569869,5.886312175
-0.9607392007604798,1.2578415462710002,-0.733398452458971,10.82801683
-1.5886367313376129,1.2578415462710002,-0.3955401743393948,10.78659921
-0.3328416701833469,-1.1727128115972059,-0.2603968630915644,14.01577787
-1.5886367313376129,1.2578415462710002,0.6856063156432489,7.770230244
-0.01889290489478049,-0.13104665822511768,0.6856063156432489,10.08679999
-0.01889290489478049,-1.1727128115972059,-0.9361134193307168,13.12442834
1.5508509215480517,-1.1727128115972059,1.6316094943780624,-0.738934389
-0.9607392007604798,-1.1727128115972059,1.6991811500019778,-2.458134815
0.29505586039378595,1.2578415462710002,-1.544258319945954,6.889862335
-0.6467904354719134,-1.1727128115972059,0.14503307065192725,12.81200595
-0.3328416701833469,-0.13104665822511768,1.2937512162584863,3.115164906
0.29505586039378595,-0.13104665822511768,1.1586079050106557,5.281680202
0.6090046256823524,-0.13104665822511768,0.07746141502801195,14.82497914
-1.2746879660490462,-1.1727128115972059,1.0910362493867403,5.102717363
0.6090046256823524,-1.1727128115972059,-1.3415433530742082,10.39271541
-0.01889290489478049,1.2578415462710002,-0.3955401743393948,13.47201324
-0.6467904354719134,1.2578415462710002,0.3477480375236728,11.10336964
-1.2746879660490462,1.2578415462710002,-1.611829975569869,4.936688578
0.29505586039378595,1.2578415462710002,1.226179560634571,4.129927838
-0.01889290489478049,-1.1727128115972059,0.8207496268910796,9.173459601
-0.3328416701833469,1.2578415462710002,-0.8009701080828863,11.46048894
-0.3328416701833469,-1.1727128115972059,-0.19282520746764908,14.01921017
-0.6467904354719134,-0.13104665822511768,-1.1388283862024624,10.3567899
1.5508509215480517,-1.1727128115972059,-0.4631118299633101,17.18424029
-1.5886367313376129,1.2578415462710002,-0.5306834855872252,10.52146759
-1.5886367313376129,-0.13104665822511768,0.009889759404096645,11.14905784
0.9229533909709189,-1.1727128115972059,-1.4091150086981235,9.930494749
1.5508509215480517,-0.13104665822511768,-0.19282520746764908,16.95579634
0.29505586039378595,1.2578415462710002,-1.0712567305785472,11.72256956
0.29505586039378595,-1.1727128115972059,-0.9361134193307168,13.60312994
1.5508509215480517,-0.13104665822511768,-0.4631118299633101,16.61637282
-1.2746879660490462,1.2578415462710002,0.8207496268910796,7.110526073
0.6090046256823524,-1.1727128115972059,-0.5306834855872252,15.57682216
0.29505586039378595,-1.1727128115972059,-0.12525355184373377,15.16358554
1.5508509215480517,-0.13104665822511768,-1.003685074954632,14.66251728
1.5508509215480517,-0.13104665822511768,0.7531779712671642,11.33501635
-0.6467904354719134,-0.13104665822511768,1.3613228718824015,2.105970472
-1.2746879660490462,1.2578415462710002,0.14503307065192725,10.90596974
-1.2746879660490462,-0.13104665822511768,1.428894527506317,1.085563508
-0.6467904354719134,1.2578415462710002,0.8207496268910796,7.802492619
1.2369021562594853,-1.1727128115972059,-0.733398452458971,16.33156204
1.2369021562594853,1.2578415462710002,-0.05768189621981866,15.59665346
1.2369021562594853,1.2578415462710002,-1.4091150086981235,9.50757929
-0.6467904354719134,-1.1727128115972059,-1.2064000418263776,10.15687287
0.29505586039378595,-0.13104665822511768,1.6316094943780624,-1.213746312
-0.6467904354719134,1.2578415462710002,-0.5306834855872252,12.08785107
-1.2746879660490462,1.2578415462710002,-1.4091150086981235,6.977439819
0.9229533909709189,1.2578415462710002,-0.3955401743393948,15.06394866
0.6090046256823524,-0.13104665822511768,-0.19282520746764908,15.29002752
-1.5886367313376129,1.2578415462710002,-0.5982551412111405,10.3347915
0.6090046256823524,1.2578415462710002,-1.611829975569869,6.207811296
1.5508509215480517,-0.13104665822511768,0.009889759404096645,16.63231421
-0.6467904354719134,-1.1727128115972059,0.7531779712671642,9.041808963
-0.3328416701833469,1.2578415462710002,1.428894527506317,1.203332078
1.2369021562594853,1.2578415462710002,1.5640378387541471,0.10361484
0.29505586039378595,-1.1727128115972059,1.6991811500019778,-2.385864198
1.2369021562594853,1.2578415462710002,0.009889759404096645,15.44417984
0.29505586039378595,1.2578415462710002,1.0910362493867403,5.830029133
1.5508509215480517,-1.1727128115972059,-0.8685417637068016,16.13477259
-1.2746879660490462,-0.13104665822511768,0.21260472627584254,11.12876945
-0.01889290489478049,1.2578415462710002,0.48289134877150336,11.15882158
0.9229533909709189,-0.13104665822511768,1.2937512162584863,3.655344397
-1.2746879660490462,-1.1727128115972059,-0.2603968630915644,12.28136072
-1.5886367313376129,1.2578415462710002,0.07746141502801195,10.57661421
1.2369021562594853,-0.13104665822511768,-1.003685074954632,14.15808568
-0.9607392007604798,-0.13104665822511768,0.28017638189975747,11.37252238
1.5508509215480517,-0.13104665822511768,-1.4091150086981235,10.29152956
-1.2746879660490462,-1.1727128115972059,0.009889759404096645,12.05917146
-1.5886367313376129,1.2578415462710002,0.8207496268910796,6.793908238
-0.3328416701833469,-0.13104665822511768,0.6856063156432489,9.729676198
0.29505586039378595,-0.13104665822511768,0.009889759404096645,14.47693639
-0.6467904354719134,1.2578415462710002,-1.003685074954632,10.50126646
1.2369021562594853,1.2578415462710002,1.6991811500019778,-2.153606921
1.5508509215480517,-0.13104665822511768,-0.2603968630915644,16.95541501
-0.3328416701833469,-1.1727128115972059,-0.05768189621981866,13.89518719
1.5508509215480517,1.2578415462710002,-0.6658267968350559,15.24891579
-0.3328416701833469,1.2578415462710002,0.14503307065192725,12.46548872
1.2369021562594853,-1.1727128115972059,-0.5306834855872252,16.71087742
0.6090046256823524,-0.13104665822511768,1.3613228718824015,2.512897539
0.6090046256823524,-1.1727128115972059,0.7531779712671642,10.63854971
1.2369021562594853,1.2578415462710002,-0.4631118299633101,15.43075526
0.9229533909709189,-1.1727128115972059,0.009889759404096645,16.05071821
1.2369021562594853,-0.13104665822511768,1.6991811500019778,-2.166001558
-0.01889290489478049,1.2578415462710002,0.6856063156432489,9.603881127
-1.2746879660490462,1.2578415462710002,-1.2064000418263776,8.639839816
0.29505586039378595,1.2578415462710002,0.8883212825149949,8.116669226
0.6090046256823524,-0.13104665822511768,-0.8009701080828863,14.25924723
-0.01889290489478049,-1.1727128115972059,-1.3415433530742082,9.693197322
1.2369021562594853,1.2578415462710002,1.0910362493867403,6.440855051
-0.01889290489478049,-0.13104665822511768,-1.003685074954632,12.29251617
-0.01889290489478049,-0.13104665822511768,1.428894527506317,1.276403594
-1.5886367313376129,-0.13104665822511768,1.6991811500019778,-2.381478325
1.5508509215480517,1.2578415462710002,-1.003685074954632,13.7429419
-0.6467904354719134,1.2578415462710002,1.6991811500019778,-2.464618251
0.6090046256823524,-1.1727128115972059,-0.8009701080828863,14.91300027
0.9229533909709189,1.2578415462710002,0.07746141502801195,14.74694998
1.2369021562594853,1.2578415462710002,0.07746141502801195,15.23549168
-1.5886367313376129,-0.13104665822511768,-1.611829975569869,4.932722187
-0.6467904354719134,-0.13104665822511768,0.009889759404096645,12.80262375
1.2369021562594853,-0.13104665822511768,-1.1388283862024624,12.97729344
0.6090046256823524,-1.1727128115972059,-0.2603968630915644,15.75766971
-1.5886367313376129,-1.1727128115972059,-1.544258319945954,5.887761259
-1.5886367313376129,-0.13104665822511768,1.6316094943780624,-1.436774465
-0.9607392007604798,-1.1727128115972059,1.428894527506317,1.19097552
1.5508509215480517,-1.1727128115972059,1.6991811500019778,-2.036715418
-1.2746879660490462,-1.1727128115972059,-1.4766866643220387,6.877124381
1.5508509215480517,-1.1727128115972059,-1.2064000418263776,13.1671422
0.6090046256823524,-1.1727128115972059,-1.6794016311937845,5.82577
1.2369021562594853,-1.1727128115972059,1.3613228718824015,2.835006863
-1.5886367313376129,1.2578415462710002,-1.1388283862024624,8.68484178
0.29505586039378595,-1.1727128115972059,1.3613228718824015,2.566747767
1.2369021562594853,-0.13104665822511768,0.21260472627584254,15.31718168
0.29505586039378595,-0.13104665822511768,1.0234645937628255,6.967739105
-0.9607392007604798,-0.13104665822511768,1.2937512162584863,2.826235265
-1.2746879660490462,-1.1727128115972059,1.6316094943780624,-1.43860507
0.9229533909709189,-0.13104665822511768,-1.611829975569869,6.755084491
-0.01889290489478049,-0.13104665822511768,0.28017638189975747,12.90302927
1.2369021562594853,-1.1727128115972059,0.5504630043954187,13.45439358
-0.01889290489478049,-0.13104665822511768,-0.8009701080828863,13.22732306
1.5508509215480517,-1.1727128115972059,-1.544258319945954,8.718403029
-0.3328416701833469,1.2578415462710002,-0.9361134193307168,10.87828145
-0.9607392007604798,1.2578415462710002,0.9558929381389101,6.253271163
1.5508509215480517,-0.13104665822511768,0.21260472627584254,15.80961356
-1.2746879660490462,-0.13104665822511768,-1.2064000418263776,9.007790089
0.9229533909709189,-1.1727128115972059,1.428894527506317,1.717959478
-1.5886367313376129,-0.13104665822511768,1.5640378387541471,-0.524891126
-0.6467904354719134,1.2578415462710002,-0.8009701080828863,10.97782063
-0.3328416701833469,1.2578415462710002,0.21260472627584254,12.21195045
1.5508509215480517,-0.13104665822511768,0.6180346600193339,12.75144334
1.5508509215480517,1.2578415462710002,1.6991811500019778,-2.024557393
-0.6467904354719134,-1.1727128115972059,1.0234645937628255,6.347318268
0.29505586039378595,1.2578415462710002,-1.003685074954632,11.85082568
-0.6467904354719134,1.2578415462710002,0.28017638189975747,11.42438945
1.2369021562594853,-0.13104665822511768,1.1586079050106557,5.853132629
0.6090046256823524,-1.1727128115972059,1.6316094943780624,-1.135183102
-1.5886367313376129,-0.13104665822511768,1.2937512162584863,2.583833241
1.5508509215480517,-1.1727128115972059,0.8207496268910796,10.98659279
-0.9607392007604798,-1.1727128115972059,1.3613228718824015,2.070121187
0.29505586039378595,1.2578415462710002,0.7531779712671642,9.458422709
1.5508509215480517,1.2578415462710002,1.3613228718824015,2.453054806
-0.3328416701833469,1.2578415462710002,1.4964661831302317,0.332271634
0.9229533909709189,-0.13104665822511768,1.428894527506317,1.52040728
-0.6467904354719134,1.2578415462710002,-1.4091150086981235,7.588422005
0.9229533909709189,-0.13104665822511768,-0.12525355184373377,15.8051561
-1.2746879660490462,1.2578415462710002,0.5504630043954187,9.036316919
0.6090046256823524,-1.1727128115972059,0.009889759404096645,15.48079159
0.9229533909709189,1.2578415462710002,-1.6794016311937845,5.40195
-0.6467904354719134,-0.13104665822511768,1.4964661831302317,0.361790062
-1.5886367313376129,-0.13104665822511768,1.0910362493867403,4.695526441
-0.3328416701833469,-0.13104665822511768,0.8207496268910796,8.514977646
0.29505586039378595,-1.1727128115972059,-0.8685417637068016,14.01745586
-1.2746879660490462,1.2578415462710002,1.2937512162584863,2.571248025
-0.01889290489478049,-0.13104665822511768,-0.5982551412111405,13.46018879
-1.2746879660490462,-0.13104665822511768,-0.05768189621981866,11.80631962
-1.2746879660490462,-0.13104665822511768,0.8883212825149949,6.858284485
1.5508509215480517,1.2578415462710002,-1.6794016311937845,6.056443557
-0.9607392007604798,-1.1727128115972059,1.226179560634571,3.758925933
-1.5886367313376129,-0.13104665822511768,-0.3279685187154795,11.30862541
0.6090046256823524,-0.13104665822511768,0.6180346600193339,11.56742644
-1.2746879660490462,1.2578415462710002,1.6316094943780624,-1.453554934
-0.01889290489478049,-1.1727128115972059,-0.3955401743393948,14.4716732
-1.2746879660490462,-1.1727128115972059,1.1586079050106557,4.388576162
1.2369021562594853,-1.1727128115972059,-0.9361134193307168,15.12962162
1.5508509215480517,-1.1727128115972059,-0.8009701080828863,16.54444551
1.5508509215480517,1.2578415462710002,1.5640378387541471,0.130702244
0.6090046256823524,-1.1727128115972059,0.4153196931475881,13.56537375
1.2369021562594853,1.2578415462710002,1.6316094943780624,-0.888814797
-0.9607392007604798,-1.1727128115972059,0.14503307065192725,12.24871488
1.5508509215480517,-1.1727128115972059,0.3477480375236728,15.52098861
-0.01889290489478049,-1.1727128115972059,0.8883212825149949,8.461432338
-1.2746879660490462,-1.1727128115972059,-0.6658267968350559,12.13880272
-0.3328416701833469,1.2578415462710002,0.28017638189975747,11.91865136
-1.5886367313376129,1.2578415462710002,-1.611829975569869,4.70267664
-1.5886367313376129,-0.13104665822511768,-1.003685074954632,9.875107374
-0.3328416701833469,-1.1727128115972059,0.6856063156432489,10.05136167
1.5508509215480517,-1.1727128115972059,-0.05768189621981866,17.33099337
0.29505586039378595,1.2578415462710002,0.5504630043954187,11.17804267
1.2369021562594853,-1.1727128115972059,1.2937512162584863,3.943435222
1.2369021562594853,1.2578415462710002,0.5504630043954187,12.38082302
1.2369021562594853,1.2578415462710002,0.48289134877150336,12.93038495
0.9229533909709189,-1.1727128115972059,-0.5982551412111405,16.26303981
1.2369021562594853,-0.13104665822511768,0.9558929381389101,8.617109585
-0.9607392007604798,-0.13104665822511768,0.5504630043954187,9.872748613
0.6090046256823524,-1.1727128115972059,-0.733398452458971,15.23190663
0.9229533909709189,1.2578415462710002,0.48289134877150336,12.54267895
1.2369021562594853,1.2578415462710002,-0.3279685187154795,15.69840446
-0.3328416701833469,-1.1727128115972059,-1.6794016311937845,5.208955
1.5508509215480517,1.2578415462710002,-1.0712567305785472,13.63533352
0.9229533909709189,1.2578415462710002,0.5504630043954187,12.01500833
1.2369021562594853,-0.13104665822511768,-0.8009701080828863,15.29414632
-0.9607392007604798,1.2578415462710002,-0.9361134193307168,9.976254153
-0.3328416701833469,1.2578415462710002,0.7531779712671642,8.745328188
1.2369021562594853,-1.1727128115972059,-1.273971697450293,11.95436952
1.2369021562594853,-0.13104665822511768,-1.6794016311937845,5.937127
-0.3328416701833469,-1.1727128115972059,1.428894527506317,1.364196032
1.2369021562594853,1.2578415462710002,-1.3415433530742082,10.33085642
0.9229533909709189,-1.1727128115972059,-1.2064000418263776,12.27464869
0.29505586039378595,-1.1727128115972059,-1.4766866643220387,8.41078577
-0.3328416701833469,1.2578415462710002,-0.6658267968350559,12.12171721
-0.3328416701833469,1.2578415462710002,-0.3279685187154795,13.02420273
0.9229533909709189,-1.1727128115972059,0.4153196931475881,14.07092447
1.2369021562594853,1.2578415462710002,-0.12525355184373377,15.70181321
1.2369021562594853,1.2578415462710002,0.4153196931475881,13.43624027
0.9229533909709189,1.2578415462710002,-0.05768189621981866,15.08820419
1.5508509215480517,-0.13104665822511768,-1.1388283862024624,13.44813881
0.9229533909709189,1.2578415462710002,0.3477480375236728,13.46713195
0.9229533909709189,-0.13104665822511768,1.3613228718824015,2.601452798
0.9229533909709189,-0.13104665822511768,0.21260472627584254,14.8155977
1.5508509215480517,-1.1727128115972059,0.6180346600193339,13.23746803
1.5508509215480517,1.2578415462710002,-0.3279685187154795,16.30588989
-0.01889290489478049,1.2578415462710002,0.3477480375236728,11.99548156
-0.3328416701833469,1.2578415462710002,0.5504630043954187,10.33367879
0.29505586039378595,-1.1727128115972059,1.226179560634571,4.556915271
-0.6467904354719134,-1.1727128115972059,1.428894527506317,1.275030652
-0.3328416701833469,-1.1727128115972059,-0.4631118299633101,13.76963844
-0.6467904354719134,-0.13104665822511768,-0.5982551412111405,12.36386272
0.6090046256823524,1.2578415462710002,0.8883212825149949,8.429626036
0.9229533909709189,1.2578415462710002,1.1586079050106557,5.398152149
0.6090046256823524,-0.13104665822511768,-1.003685074954632,13.19373502
-0.6467904354719134,-1.1727128115972059,-0.733398452458971,13.0268723
0.29505586039378595,-0.13104665822511768,0.9558929381389101,7.764126515
-0.6467904354719134,-1.1727128115972059,0.3477480375236728,11.92317312
0.6090046256823524,-0.13104665822511768,-0.2603968630915644,15.28255279
-0.3328416701833469,-0.13104665822511768,0.6180346600193339,10.27639627
1.5508509215480517,1.2578415462710002,-0.12525355184373377,16.27096649
1.2369021562594853,-1.1727128115972059,-1.544258319945954,8.392937493
-0.6467904354719134,1.2578415462710002,0.009889759404096645,12.31095564
-1.5886367313376129,-1.1727128115972059,1.2937512162584863,2.680016077
0.29505586039378595,-0.13104665822511768,-1.6794016311937845,5.33123
-0.6467904354719134,-0.13104665822511768,-1.544258319945954,6.422830439
0.9229533909709189,1.2578415462710002,1.0234645937628255,7.127687705
-0.3328416701833469,-0.13104665822511768,0.21260472627584254,12.71635661
-0.01889290489478049,-1.1727128115972059,1.4964661831302317,0.630964588
1.2369021562594853,-0.13104665822511768,-1.3415433530742082,10.76310656
-0.01889290489478049,-0.13104665822511768,-0.05768189621981866,14.03446493
0.29505586039378595,-0.13104665822511768,-0.4631118299633101,14.42255256
-1.2746879660490462,-1.1727128115972059,-1.544258319945954,6.165631294
-0.9607392007604798,-1.1727128115972059,0.6856063156432489,9.187380424
-0.01889290489478049,1.2578415462710002,0.28017638189975747,12.34876422
-0.01889290489478049,-0.13104665822511768,-1.4766866643220387,7.862139654
-0.9607392007604798,-1.1727128115972059,1.0234645937628255,6.05381211
-0.01889290489478049,1.2578415462710002,-1.611829975569869,5.900880849
1.5508509215480517,1.2578415462710002,-0.8009701080828863,14.43294531
0.9229533909709189,1.2578415462710002,-0.5306834855872252,14.69668481
0.29505586039378595,-0.13104665822511768,-1.1388283862024624,11.66216035
-0.3328416701833469,1.2578415462710002,0.3477480375236728,11.58275821
1.5508509215480517,-1.1727128115972059,-0.12525355184373377,17.44064766
-0.3328416701833469,1.2578415462710002,-1.6794016311937845,4.700377
0.29505586039378595,1.2578415462710002,1.1586079050106557,5.017997706
-0.3328416701833469,-0.13104665822511768,-0.9361134193307168,12.18990657
-0.3328416701833469,-1.1727128115972059,-0.3279685187154795,13.96650436
-1.5886367313376129,-1.1727128115972059,1.4964661831302317,0.335932832
-0.01889290489478049,1.2578415462710002,0.9558929381389101,7.011292124
-0.9607392007604798,-1.1727128115972059,1.6316094943780624,-1.436164269
-0.6467904354719134,1.2578415462710002,1.226179560634571,3.644971019
0.6090046256823524,1.2578415462710002,-1.6794016311937845,5.220768
0.29505586039378595,-0.13104665822511768,0.7531779712671642,9.920725441
0.29505586039378595,1.2578415462710002,-0.9361134193307168,11.77413187
-0.01889290489478049,1.2578415462710002,-0.733398452458971,12.33658383
-1.2746879660490462,1.2578415462710002,1.4964661831302317,0.227317239
-1.5886367313376129,-0.13104665822511768,0.48289134877150336,9.382681823
0.29505586039378595,-0.13104665822511768,0.4153196931475881,12.66746473
-1.5886367313376129,1.2578415462710002,1.0234645937628255,5.108917356
0.29505586039378595,-1.1727128115972059,1.5640378387541471,-0.092353232
-1.2746879660490462,-1.1727128115972059,0.07746141502801195,11.904791
1.2369021562594853,-0.13104665822511768,0.6180346600193339,12.37883983
-0.9607392007604798,-1.1727128115972059,-0.2603968630915644,12.84930444
-1.2746879660490462,-0.13104665822511768,0.5504630043954187,9.43317585
-0.9607392007604798,-0.13104665822511768,-1.003685074954632,10.82318602
-0.9607392007604798,-1.1727128115972059,0.6180346600193339,9.703723478
-0.6467904354719134,-0.13104665822511768,0.4153196931475881,11.19558606
1.2369021562594853,-0.13104665822511768,1.226179560634571,4.819377398
0.6090046256823524,-1.1727128115972059,1.0234645937628255,7.486942923
0.6090046256823524,1.2578415462710002,-0.6658267968350559,13.62280951
1.2369021562594853,-0.13104665822511768,-0.5982551412111405,15.56678667
-0.3328416701833469,1.2578415462710002,0.6856063156432489,9.311845951
0.6090046256823524,-1.1727128115972059,0.3477480375236728,14.00921805
0.9229533909709189,-0.13104665822511768,1.0910362493867403,6.593639643
-0.6467904354719134,-1.1727128115972059,-1.003685074954632,11.66815662
-1.5886367313376129,-1.1727128115972059,-0.8009701080828863,11.15065973
-1.5886367313376129,1.2578415462710002,-0.733398452458971,9.85375602
0.6090046256823524,-0.13104665822511768,-1.2064000418263776,11.4570564
0.29505586039378595,-0.13104665822511768,1.2937512162584863,3.403179276
-0.6467904354719134,1.2578415462710002,0.5504630043954187,9.908064079
-0.9607392007604798,-1.1727128115972059,-0.19282520746764908,12.85220287
-1.2746879660490462,1.2578415462710002,0.6180346600193339,8.601702166
-0.3328416701833469,-0.13104665822511768,1.6316094943780624,-1.352490503
-1.2746879660490462,-1.1727128115972059,-0.8685417637068016,11.39840152
-0.01889290489478049,1.2578415462710002,0.07746141502801195,13.15516725
0.6090046256823524,1.2578415462710002,-1.3415433530742082,9.612269306
-0.01889290489478049,-0.13104665822511768,-0.9361134193307168,12.7210855
-0.9607392007604798,1.2578415462710002,0.4153196931475881,10.27120917
-0.3328416701833469,-0.13104665822511768,-1.3415433530742082,8.961567473
-1.2746879660490462,-0.13104665822511768,1.0234645937628255,5.598221445
0.29505586039378595,-1.1727128115972059,1.4964661831302317,0.703425811
0.9229533909709189,-1.1727128115972059,-1.6794016311937845,6.032725
1.2369021562594853,-0.13104665822511768,-1.273971697450293,11.56018043
-0.9607392007604798,-0.13104665822511768,1.4964661831302317,0.313889377
1.5508509215480517,-0.13104665822511768,1.4964661831302317,0.754453808
-0.01889290489478049,1.2578415462710002,1.6991811500019778,-2.383575916
-1.2746879660490462,-0.13104665822511768,-0.733398452458971,11.03906968
0.29505586039378595,-1.1727128115972059,0.07746141502801195,14.75358555
-1.2746879660490462,1.2578415462710002,1.5640378387541471,-0.503142967
-1.2746879660490462,1.2578415462710002,-1.1388283862024624,9.111142612
1.5508509215480517,1.2578415462710002,1.6316094943780624,-0.724640128
-0.3328416701833469,-0.13104665822511768,-0.6658267968350559,12.64191232
-0.9607392007604798,-1.1727128115972059,1.2937512162584863,2.929206413
-0.3328416701833469,-1.1727128115972059,0.9558929381389101,7.400828516
1.2369021562594853,-0.13104665822511768,-0.2603968630915644,16.39753909
0.6090046256823524,-1.1727128115972059,-1.2064000418263776,11.85193272
-0.6467904354719134,-0.13104665822511768,-1.4091150086981235,7.920902802
1.2369021562594853,1.2578415462710002,0.7531779712671642,10.46395614
0.29505586039378595,-0.13104665822511768,-1.611829975569869,6.292476642
0.29505586039378595,-0.13104665822511768,-1.3415433530742082,9.672145462
1.2369021562594853,1.2578415462710002,0.6180346600193339,11.78610704
1.5508509215480517,-1.1727128115972059,-1.4091150086981235,10.67032327
0.6090046256823524,1.2578415462710002,0.5504630043954187,11.6047246
-1.2746879660490462,-1.1727128115972059,-1.611829975569869,5.408144188
-1.5886367313376129,1.2578415462710002,0.6180346600193339,8.213004899
-0.01889290489478049,1.2578415462710002,-1.003685074954632,11.42728402
-0.6467904354719134,1.2578415462710002,1.6316094943780624,-1.403137207
1.2369021562594853,-1.1727128115972059,-0.12525355184373377,16.86987593
1.2369021562594853,-1.1727128115972059,1.6991811500019778,-2.174582362
1.5508509215480517,-0.13104665822511768,-0.05768189621981866,16.7919579
1.2369021562594853,1.2578415462710002,-0.8009701080828863,13.83279371
-1.5886367313376129,-1.1727128115972059,1.0234645937628255,5.522785568
0.9229533909709189,-0.13104665822511768,0.8207496268910796,9.932929778
-0.01889290489478049,-0.13104665822511768,0.3477480375236728,12.54115336
-0.6467904354719134,-0.13104665822511768,-1.4766866643220387,7.194809544
0.9229533909709189,-0.13104665822511768,1.226179560634571,4.674760151
-0.01889290489478049,1.2578415462710002,-0.9361134193307168,11.35118706
-1.2746879660490462,-1.1727128115972059,0.8207496268910796,7.697690797
-1.5886367313376129,1.2578415462710002,-0.8009701080828863,9.56017382
-0.9607392007604798,1.2578415462710002,-1.0712567305785472,9.968397617
-0.6467904354719134,-0.13104665822511768,0.9558929381389101,6.846309268
-0.9607392007604798,-1.1727128115972059,0.3477480375236728,11.39435892
0.9229533909709189,-1.1727128115972059,-0.19282520746764908,16.34361334
-1.2746879660490462,1.2578415462710002,-0.8009701080828863,10.03765497
-0.01889290489478049,-1.1727128115972059,-0.05768189621981866,14.48402989
-1.5886367313376129,1.2578415462710002,-0.3279685187154795,10.86638305
-0.3328416701833469,1.2578415462710002,0.6180346600193339,9.840407968
1.2369021562594853,-0.13104665822511768,0.28017638189975747,14.95220571
0.6090046256823524,-1.1727128115972059,0.48289134877150336,13.07332377
1.2369021562594853,-0.13104665822511768,1.6316094943780624,-0.900637379
-0.01889290489478049,-1.1727128115972059,-0.6658267968350559,14.39738152
0.9229533909709189,1.2578415462710002,1.226179560634571,4.445172298
1.5508509215480517,-1.1727128115972059,-1.0712567305785472,14.53765163
-0.6467904354719134,-0.13104665822511768,-1.611829975569869,5.606077778
1.5508509215480517,-0.13104665822511768,-1.2064000418263776,12.74930768
-0.3328416701833469,-1.1727128115972059,-0.12525355184373377,13.97815452
0.29505586039378595,1.2578415462710002,0.9558929381389101,7.39098897
-1.2746879660490462,1.2578415462710002,0.7531779712671642,7.63865397
0.29505586039378595,-1.1727128115972059,-1.273971697450293,10.73900411
-0.3328416701833469,-1.1727128115972059,0.7531779712671642,9.447744393
1.2369021562594853,-0.13104665822511768,-0.3279685187154795,16.34056225
-0.6467904354719134,-1.1727128115972059,-1.6794016311937845,5.009388
0.6090046256823524,1.2578415462710002,-0.9361134193307168,12.22506924
-0.6467904354719134,1.2578415462710002,-0.6658267968350559,11.61525121
1.5508509215480517,-1.1727128115972059,-1.4766866643220387,9.72607162
-0.01889290489478049,-1.1727128115972059,1.0234645937628255,6.917550242
-0.3328416701833469,-0.13104665822511768,0.5504630043954187,10.78560767
-1.2746879660490462,-1.1727128115972059,1.5640378387541471,-0.489374378
-1.5886367313376129,1.2578415462710002,-0.2603968630915644,10.90833428
0.9229533909709189,-0.13104665822511768,-0.9361134193307168,14.16298873
-0.6467904354719134,1.2578415462710002,-1.6794016311937845,4.504956
0.6090046256823524,-0.13104665822511768,-0.9361134193307168,13.6657516
-1.2746879660490462,-0.13104665822511768,-0.2603968630915644,11.90746074
0.29505586039378595,1.2578415462710002,0.8207496268910796,8.806424069
0.6090046256823524,-0.13104665822511768,1.1586079050106557,5.480681908
-0.9607392007604798,-1.1727128115972059,0.21260472627584254,12.00654216
-0.01889290489478049,1.2578415462710002,1.0234645937628255,6.276077223
1.2369021562594853,-1.1727128115972059,-1.0712567305785472,14.0373636
1.2369021562594853,-0.13104665822511768,0.7531779712671642,11.00978031
-0.9607392007604798,1.2578415462710002,0.8207496268910796,7.456661904
-0.01889290489478049,1.2578415462710002,-1.4091150086981235,8.319410373
0.9229533909709189,-0.13104665822511768,-1.273971697450293,11.16187274
-1.5886367313376129,-0.13104665822511768,0.21260472627584254,10.60643766
-0.01889290489478049,-0.13104665822511768,-1.4091150086981235,8.64774479
0.6090046256823524,-1.1727128115972059,-1.611829975569869,6.854013062
1.2369021562594853,1.2578415462710002,-0.3955401743393948,15.59131427
-1.5886367313376129,-1.1727128115972059,0.7531779712671642,7.866258383
1.2369021562594853,-0.13104665822511768,-1.4766866643220387,8.99680624
-0.9607392007604798,1.2578415462710002,-0.05768189621981866,11.88625615
0.9229533909709189,1.2578415462710002,-0.733398452458971,13.7604852
-0.6467904354719134,1.2578415462710002,-1.2064000418263776,9.417997217
-1.5886367313376129,-0.13104665822511768,-0.3955401743393948,11.22998586
1.5508509215480517,-0.13104665822511768,-1.273971697450293,11.99121022
0.29505586039378595,-0.13104665822511768,-0.05768189621981866,14.61232467
0.6090046256823524,1.2578415462710002,-0.05768189621981866,14.56183007
0.6090046256823524,-1.1727128115972059,-1.1388283862024624,12.49958341
0.9229533909709189,-1.1727128115972059,-0.3955401743393948,16.17199488
-0.01889290489478049,-1.1727128115972059,1.2937512162584863,3.370381045
1.2369021562594853,-1.1727128115972059,0.4153196931475881,14.55778782
0.6090046256823524,-1.1727128115972059,-1.4091150086981235,9.590190985
